country,year,n_images_all,n_images_people,n_male,n_female,n_people,female_ratio_totals,female_ratio_meanimg,women_parl_pct,women_parl_ratio
AGO,2022,338,304,1638,445,2083,0.213634181469035,0.2214089997204966,33.6363636363636,0.336363636363636
AGO,2023,358,300,1531,356,1887,0.1886592474827769,0.2164049697529304,33.6363636363636,0.336363636363636
AGO,2024,315,269,1422,309,1731,0.1785095320623916,0.2326529711302462,39.5454545454545,0.39545454545454495
ALB,2017,14,11,65,15,80,0.1875,0.1846930846930846,27.8571428571429,0.278571428571429
ALB,2022,2,2,4,0,4,0.0,0.0,35.7142857142857,0.357142857142857
ALB,2024,31,29,201,87,288,0.3020833333333333,0.279381690909689,35.7142857142857,0.357142857142857
AND,2009,227,219,994,142,1136,0.125,0.1153255927228529,35.7142857142857,0.357142857142857
AND,2010,746,717,3429,525,3954,0.1327769347496206,0.1148391837668947,35.7142857142857,0.357142857142857
AND,2011,289,252,1113,206,1319,0.1561789234268385,0.1378185112428809,50.0,0.5
AND,2012,387,351,1435,311,1746,0.1781214203894616,0.1384521729709737,50.0,0.5
AND,2013,389,337,1507,332,1839,0.1805328983143012,0.1544867405130517,50.0,0.5
AND,2014,442,395,1893,405,2298,0.1762402088772846,0.1381622384312747,50.0,0.5
AND,2015,484,443,1838,443,2281,0.1942130644454186,0.1799133156750618,39.2857142857143,0.392857142857143
AND,2016,490,465,2194,646,2840,0.2274647887323943,0.2087366720596326,32.1428571428571,0.321428571428571
AND,2017,569,542,2245,682,2927,0.2330030748206354,0.223406563205339,32.1428571428571,0.321428571428571
AND,2018,610,567,2631,789,3420,0.2307017543859649,0.2193515534700267,32.1428571428571,0.321428571428571
AND,2019,629,592,2923,964,3887,0.2480061744275791,0.2478082106952076,46.4285714285714,0.464285714285714
AND,2020,791,735,2237,685,2922,0.2344284736481861,0.1854567778429894,46.4285714285714,0.464285714285714
AND,2021,946,835,2776,960,3736,0.2569593147751606,0.2732375445808976,46.4285714285714,0.464285714285714
AND,2022,930,809,3462,1300,4762,0.2729945401091978,0.2778656796892531,46.4285714285714,0.464285714285714
AND,2023,968,819,3609,1334,4943,0.2698765931620473,0.2722970263141885,50.0,0.5
AND,2024,1291,1062,5237,2034,7271,0.2797414385916655,0.3039973335914935,50.0,0.5
ARE,2024,1,1,1,0,1,0.0,0.0,50.0,0.5
ARG,2015,284,284,1198,191,1389,0.1375089992800576,0.1383848545820376,36.5758754863813,0.365758754863813
ARG,2016,1909,1852,9874,2086,11960,0.1744147157190635,0.1777123677019998,35.7976653696498,0.357976653696498
ARG,2017,1910,1841,9231,1612,10843,0.1486673429862584,0.1413832056996536,38.1322957198444,0.381322957198444
ARG,2018,1434,1370,6975,1168,8143,0.1434360800687707,0.1130578807220737,38.9105058365759,0.389105058365759
ARG,2019,1237,1082,5703,1019,6722,0.1515917881582862,0.1259315328325849,40.1574803149606,0.40157480314960603
ARG,2020,828,793,3689,594,4283,0.1386878356292318,0.1071653587057617,40.8560311284047,0.408560311284047
ARG,2021,1425,1263,5137,921,6058,0.1520303730604159,0.139739948238429,44.7470817120623,0.447470817120623
ARG,2022,1681,1655,7955,1749,9704,0.180234954657873,0.1811239428788464,44.7470817120623,0.447470817120623
ARG,2023,1559,1526,7935,1601,9536,0.1678901006711409,0.1559566897947933,43.1906614785992,0.431906614785992
ARG,2024,1671,1392,6904,1588,8492,0.1869995289684408,0.2225248127705877,42.4124513618677,0.42412451361867703
ARM,2003,2,2,2,0,2,0.0,0.0,4.58015267175572,0.0458015267175572
ARM,2004,1,1,1,0,1,0.0,0.0,5.34351145038168,0.0534351145038168
ARM,2005,3,3,7,0,7,0.0,0.0,5.34351145038168,0.0534351145038168
ARM,2006,1,1,12,0,12,0.0,0.0,5.34351145038168,0.0534351145038168
ARM,2007,98,97,441,39,480,0.08125,0.0769193864554689,9.16030534351145,0.09160305343511449
ARM,2008,232,232,944,73,1017,0.071779744346116,0.051452074027505,8.3969465648855,0.083969465648855
ARM,2009,285,284,1374,100,1474,0.0678426051560379,0.0615021393954863,9.16030534351145,0.09160305343511449
ARM,2010,123,123,713,47,760,0.0618421052631578,0.042148730832375,9.16030534351145,0.09160305343511449
ARM,2014,20,20,154,27,181,0.149171270718232,0.102564935064935,10.6870229007634,0.106870229007634
ARM,2015,181,171,1003,169,1172,0.14419795221843,0.0948329116231457,10.6870229007634,0.106870229007634
ARM,2016,135,133,737,71,808,0.0878712871287128,0.0720533072346429,10.6870229007634,0.106870229007634
ARM,2017,133,132,513,47,560,0.0839285714285714,0.0819797272548468,18.0952380952381,0.18095238095238098
ARM,2018,5086,5027,27328,3287,30615,0.1073656704229952,0.0966965121502369,18.0952380952381,0.18095238095238098
ARM,2019,5200,5120,28342,3588,31930,0.1123708111493893,0.1060832214354944,23.4848484848485,0.23484848484848497
ARM,2020,2998,2906,13916,1724,15640,0.110230179028133,0.1020553455581389,23.4848484848485,0.23484848484848497
ARM,2021,3301,3233,15054,1608,16662,0.0965070219661505,0.0876119366693544,33.6448598130841,0.33644859813084105
ARM,2022,4212,4118,21063,2427,23490,0.1033205619412516,0.0939532706775871,35.5140186915888,0.355140186915888
ARM,2023,5550,5353,29823,4393,34216,0.1283902267944821,0.1272201860695394,35.5140186915888,0.355140186915888
ARM,2024,5783,5645,29389,4705,34094,0.1380008212588725,0.1340479508501868,36.4485981308411,0.364485981308411
AUS,2015,1,1,3,0,3,0.0,0.0,26.6666666666667,0.266666666666667
AUS,2019,2,1,10,4,14,0.2857142857142857,0.2857142857142857,30.4635761589404,0.304635761589404
AUS,2020,11,8,23,6,29,0.2068965517241379,0.0871212121212121,30.4635761589404,0.304635761589404
AUS,2021,9,7,19,4,23,0.1739130434782608,0.35,31.1258278145695,0.311258278145695
AUS,2022,6,3,2,1,3,0.3333333333333333,0.3333333333333333,38.4105960264901,0.38410596026490096
AUS,2023,3,2,3,1,4,0.25,0.25,38.4105960264901,0.38410596026490096
AUS,2024,8,7,21,10,31,0.3225806451612903,0.3952380952380952,38.0,0.38
AUT,2018,119,116,699,187,886,0.2110609480812641,0.2239445023871067,34.4262295081967,0.344262295081967
AUT,2019,135,129,720,268,988,0.2712550607287449,0.2766739782238049,39.344262295082,0.39344262295081994
AUT,2020,16,16,59,22,81,0.2716049382716049,0.2857589048378522,39.344262295082,0.39344262295081994
AUT,2021,42,39,141,41,182,0.2252747252747252,0.2797646797646798,40.4371584699454,0.404371584699454
AUT,2022,29,28,116,80,196,0.4081632653061224,0.4406638630792766,40.9836065573771,0.409836065573771
AUT,2023,69,65,255,163,418,0.3899521531100478,0.3664108994918711,40.9836065573771,0.409836065573771
AUT,2024,105,96,443,138,581,0.2375215146299483,0.2137617826556971,36.0655737704918,0.36065573770491804
AZE,2010,136,136,750,30,780,0.0384615384615384,0.0419249152423892,16.0,0.16
AZE,2011,160,160,645,43,688,0.0625,0.050703203046953,16.0,0.16
AZE,2012,248,248,1164,69,1233,0.0559610705596107,0.0444276951395794,16.0,0.16
AZE,2013,257,257,1430,73,1503,0.0485695276114437,0.0342928586467093,15.5737704918033,0.155737704918033
AZE,2014,410,410,2571,137,2708,0.0505908419497784,0.054439995495627,15.5737704918033,0.155737704918033
AZE,2015,395,395,2660,409,3069,0.13326816552623,0.0961235225718477,16.9354838709677,0.16935483870967702
AZE,2016,428,428,1871,205,2076,0.098747591522158,0.0717958304684845,16.8,0.168
AZE,2017,433,433,2185,137,2322,0.0590008613264427,0.0506256020198089,16.8,0.168
AZE,2018,556,554,2903,280,3183,0.0879673264216148,0.0810313352123079,16.8,0.168
AZE,2019,839,834,4245,390,4635,0.0841423948220064,0.0709828547356667,16.8067226890756,0.16806722689075598
AZE,2020,612,611,2302,284,2586,0.1098221191028615,0.0981881228908763,17.3553719008264,0.173553719008264
AZE,2021,699,688,3400,394,3794,0.1038481813389562,0.1031763563286598,18.1818181818182,0.18181818181818202
AZE,2022,1158,1150,6604,1047,7651,0.1368448568814534,0.12686694239513,18.3333333333333,0.18333333333333302
AZE,2023,585,582,3230,293,3523,0.0831677547544706,0.068471879239203,18.6440677966102,0.186440677966102
AZE,2024,745,726,3841,335,4176,0.0802203065134099,0.0676853047763993,20.8,0.20800000000000002
BDI,2015,1,0,0,0,0,,,36.3636363636364,0.36363636363636404
BDI,2016,6,5,18,7,25,0.28,0.2777777777777778,36.3636363636364,0.36363636363636404
BDI,2017,375,371,2819,425,3244,0.1310110974106041,0.1136758714592241,36.3636363636364,0.36363636363636404
BDI,2018,196,191,1598,300,1898,0.1580611169652265,0.1428371571349617,36.3636363636364,0.36363636363636404
BDI,2019,74,74,555,129,684,0.1885964912280701,0.1684479392877225,36.3636363636364,0.36363636363636404
BDI,2020,136,135,1003,214,1217,0.1758422350041084,0.170016437587817,38.2113821138211,0.382113821138211
BDI,2021,242,242,1480,306,1786,0.1713325867861142,0.1773574871064508,38.2113821138211,0.382113821138211
BDI,2022,266,266,1460,345,1805,0.1911357340720221,0.1766523332660521,38.2113821138211,0.382113821138211
BDI,2023,248,247,1514,356,1870,0.1903743315508021,0.1688084620068739,38.2113821138211,0.382113821138211
BDI,2024,221,219,1493,293,1786,0.164053751399776,0.130563967928784,38.2113821138211,0.382113821138211
BEL,2020,4,1,1,1,2,0.5,0.5,41.3333333333333,0.413333333333333
BEL,2021,19,2,8,1,9,0.1111111111111111,0.0714285714285714,42.0,0.42
BEL,2022,11,0,0,0,0,,,42.6666666666667,0.42666666666666697
BEL,2023,7,0,0,0,0,,,42.6666666666667,0.42666666666666697
BEL,2024,3,1,0,1,1,1.0,1.0,41.3333333333333,0.413333333333333
BEN,2019,195,170,1061,262,1323,0.1980347694633409,0.1883255835404806,7.2289156626506,0.072289156626506
BEN,2020,711,530,2757,651,3408,0.1910211267605633,0.2197873123308883,7.2289156626506,0.072289156626506
BEN,2021,1524,1369,8105,1782,9887,0.1802366744209568,0.1939448052469254,8.43373493975904,0.0843373493975904
BEN,2022,1728,1608,10608,2412,13020,0.1852534562211981,0.1816688199787968,7.40740740740741,0.0740740740740741
BEN,2023,2192,2068,14592,3634,18226,0.1993854932513991,0.2016223556140179,26.605504587156,0.26605504587156
BEN,2024,2406,2207,14656,4425,19081,0.2319060845867617,0.2248639146741885,26.605504587156,0.26605504587156
BFA,2019,1088,1070,7972,1852,9824,0.1885179153094462,0.1750630998942767,13.3858267716535,0.133858267716535
BFA,2020,1146,1130,7810,1560,9370,0.1664887940234792,0.154504999268468,6.2992125984252,0.062992125984252
BFA,2021,1594,1566,9686,1896,11582,0.1637022966672423,0.1507442665098357,6.2992125984252,0.062992125984252
BFA,2022,958,912,6320,1502,7822,0.1920225006392227,0.1858809636142111,16.9014084507042,0.169014084507042
BGR,2011,1,1,0,2,2,1.0,1.0,20.8333333333333,0.208333333333333
BGR,2012,115,81,392,61,453,0.1346578366445916,0.1628305147310995,22.9166666666667,0.229166666666667
BGR,2013,427,348,1946,320,2266,0.1412180052956752,0.1154415425267131,24.5833333333333,0.24583333333333302
BGR,2014,515,486,2688,385,3073,0.1252847380410023,0.1085387458365809,20.0,0.2
BGR,2015,299,293,1430,215,1645,0.1306990881458966,0.1152910162937167,20.4166666666667,0.204166666666667
BGR,2016,114,111,442,54,496,0.1088709677419354,0.0771172934216412,20.4166666666667,0.204166666666667
BGR,2017,590,555,2851,915,3766,0.242963356346256,0.2681238501034794,23.75,0.2375
BGR,2018,1475,1431,7468,2567,10035,0.2558046836073742,0.2833498104711844,23.75,0.2375
BGR,2019,401,359,1869,568,2437,0.2330734509643003,0.2629800662379152,25.8333333333333,0.258333333333333
BGR,2020,397,329,1101,323,1424,0.2268258426966292,0.250021675767674,26.6666666666667,0.266666666666667
BGR,2021,553,442,1742,479,2221,0.2156686177397568,0.2239816978909041,23.75,0.2375
BGR,2022,757,646,3075,1165,4240,0.2747641509433962,0.3050569494048634,24.1666666666667,0.241666666666667
BGR,2023,845,768,3597,1677,5274,0.3179749715585893,0.3654737222829017,24.1666666666667,0.241666666666667
BGR,2024,637,574,2911,1295,4206,0.3078934854969092,0.3365813952342448,20.8333333333333,0.208333333333333
BHR,2009,9,9,43,5,48,0.1041666666666666,0.0517568850902184,2.5,0.025
BHR,2010,12,12,40,11,51,0.2156862745098039,0.1942460317460317,2.5,0.025
BHR,2011,5,5,9,3,12,0.25,0.24,10.0,0.1
BHR,2012,221,221,806,141,947,0.1488912354804646,0.1398364707188236,10.0,0.1
BHR,2013,657,650,3129,709,3838,0.1847316310578426,0.1813819119477014,10.0,0.1
BHR,2014,1134,1117,6002,1162,7164,0.1621998883305416,0.1648357761624514,7.5,0.075
BHR,2015,1307,1304,6710,1334,8044,0.1658378915962207,0.1780739394347734,7.5,0.075
BHR,2016,1234,1225,6885,1592,8477,0.1878022885454759,0.1929872467489088,7.5,0.075
BHR,2017,1300,1290,6860,1519,8379,0.1812865497076023,0.1787710787091109,7.5,0.075
BHR,2018,1171,1159,6405,1736,8141,0.2132416165090283,0.2275019554393588,15.0,0.15
BHR,2019,1009,1005,5539,1593,7132,0.2233595064498037,0.2349549096098681,15.0,0.15
BHR,2020,876,857,4266,1200,5466,0.2195389681668496,0.2107370826660163,15.0,0.15
BHR,2021,1451,1425,4681,1939,6620,0.2929003021148036,0.2878743613884195,15.0,0.15
BHR,2022,1593,1586,7015,2443,9458,0.2582998519771622,0.2456434076903575,20.0,0.2
BHR,2023,1853,1844,9066,2641,11707,0.2255915264371743,0.2052471663114364,20.0,0.2
BHR,2024,1912,1908,9739,3332,13071,0.2549154617091271,0.2407424961630666,20.0,0.2
BHS,2015,6,6,36,10,46,0.217391304347826,0.1527777777777777,13.1578947368421,0.13157894736842102
BHS,2016,454,445,2499,664,3163,0.2099272842238381,0.2125562617111452,13.1578947368421,0.13157894736842102
BHS,2017,442,434,2206,650,2856,0.2275910364145658,0.2219158116681429,12.8205128205128,0.128205128205128
BHS,2018,60,56,327,100,427,0.234192037470726,0.2373493018866423,12.8205128205128,0.128205128205128
BHS,2019,36,36,163,36,199,0.1809045226130653,0.1838784672118005,12.8205128205128,0.128205128205128
BHS,2020,29,21,58,13,71,0.1830985915492957,0.2357142857142857,12.8205128205128,0.128205128205128
BHS,2021,79,72,336,59,395,0.1493670886075949,0.1173481227951042,17.9487179487179,0.179487179487179
BHS,2022,109,86,388,76,464,0.1637931034482758,0.185652832309809,17.9487179487179,0.179487179487179
BHS,2023,104,84,372,123,495,0.2484848484848484,0.2113760646061066,17.9487179487179,0.179487179487179
BHS,2024,175,137,576,234,810,0.2888888888888888,0.2622765466061663,17.9487179487179,0.179487179487179
BIH,2012,151,151,1029,125,1154,0.108318890814558,0.0942939081253312,21.4285714285714,0.214285714285714
BIH,2013,253,246,1584,231,1815,0.1272727272727272,0.0989793130377778,21.4285714285714,0.214285714285714
BIH,2014,235,233,1461,209,1670,0.1251497005988024,0.1011820152361815,21.4285714285714,0.214285714285714
BIH,2015,64,64,387,51,438,0.1164383561643835,0.1081047786310733,21.4285714285714,0.214285714285714
BIH,2016,7,7,25,3,28,0.1071428571428571,0.1558441558441558,21.4285714285714,0.214285714285714
BIH,2020,345,335,1284,342,1626,0.2103321033210332,0.3371595414691148,26.1904761904762,0.26190476190476203
BIH,2021,901,860,4361,969,5330,0.1818011257035647,0.2068803079610545,26.1904761904762,0.26190476190476203
BIH,2022,1778,1683,10105,2169,12274,0.1767150073325729,0.1883434625420425,16.6666666666667,0.166666666666667
BIH,2023,2534,2445,13882,3365,17247,0.1951063953151272,0.1849059031043498,19.0476190476191,0.19047619047619102
BIH,2024,1557,1506,8341,2314,10655,0.2171750351947442,0.2166317088982766,19.047619047619,0.19047619047619002
BLR,2000,3,3,11,0,11,0.0,0.0,10.3092783505155,0.103092783505155
BLR,2011,17,17,109,6,115,0.0521739130434782,0.030392156862745,31.8181818181818,0.318181818181818
BLR,2012,30,30,179,10,189,0.0529100529100529,0.0323529411764705,26.605504587156,0.26605504587156
BLR,2013,98,98,462,35,497,0.0704225352112676,0.0648016749157205,26.605504587156,0.26605504587156
BLR,2014,169,169,985,123,1108,0.1110108303249097,0.1292673217114933,26.605504587156,0.26605504587156
BLR,2015,195,195,1028,124,1152,0.1076388888888889,0.1295816305254629,27.2727272727273,0.272727272727273
BLR,2016,300,300,1768,269,2037,0.1320569464899361,0.1315122636740923,34.5454545454545,0.34545454545454496
BLR,2017,301,300,1712,284,1996,0.1422845691382765,0.120230616518126,34.5454545454545,0.34545454545454496
BLR,2018,200,199,1069,193,1262,0.152931854199683,0.1257368505964426,34.5454545454545,0.34545454545454496
BLR,2019,176,176,1003,158,1161,0.136089577950043,0.1078750884603658,40.0,0.4
BLR,2020,136,135,565,82,647,0.1267387944358578,0.099423824788559,40.0,0.4
BLR,2021,123,122,512,51,563,0.0905861456483126,0.0860000575966363,40.0,0.4
BLR,2022,151,151,608,78,686,0.1137026239067055,0.0939670796458875,40.0,0.4
BLR,2023,181,181,788,78,866,0.0900692840646651,0.0753169004468971,40.0,0.4
BLR,2024,1628,1560,7531,1333,8864,0.1503835740072202,0.132864969422364,33.6363636363636,0.336363636363636
BLZ,2018,3,0,0,0,0,,,9.375,0.09375
BLZ,2019,6,6,40,10,50,0.2,0.1783380018674136,9.375,0.09375
BLZ,2020,48,30,101,12,113,0.1061946902654867,0.1241414141414141,9.67741935483871,0.0967741935483871
BLZ,2021,143,136,658,81,739,0.1096075778078484,0.1218205201661083,12.5,0.125
BLZ,2022,222,208,1168,254,1422,0.1786216596343178,0.2120152633050049,12.5,0.125
BLZ,2023,220,207,1273,317,1590,0.1993710691823899,0.1875952875298906,15.625,0.15625
BLZ,2024,160,150,935,281,1216,0.2310855263157894,0.2337212803249955,15.625,0.15625
BOL,2013,49,40,179,28,207,0.1352657004830917,0.1385405219780219,25.3846153846154,0.253846153846154
BOL,2014,190,151,765,175,940,0.1861702127659574,0.1805176379046655,53.0769230769231,0.530769230769231
BOL,2015,224,199,927,263,1190,0.2210084033613445,0.2075822070168803,53.0769230769231,0.530769230769231
BOL,2016,750,705,4048,869,4917,0.1767337807606264,0.1637189233719435,53.0769230769231,0.530769230769231
BOL,2017,1120,1089,6412,1415,7827,0.1807844640347515,0.1799646876615531,53.0769230769231,0.530769230769231
BOL,2018,1002,982,5452,1127,6579,0.1713026295789633,0.1519829998344576,53.0769230769231,0.530769230769231
BOL,2019,1142,1100,6770,1565,8335,0.1877624475104979,0.1793472307874953,53.0769230769231,0.530769230769231
BOL,2020,196,156,866,254,1120,0.2267857142857142,0.2117888788417536,46.1538461538462,0.461538461538462
BOL,2021,702,666,3246,653,3899,0.1674788407283919,0.1685921704291718,46.1538461538462,0.461538461538462
BOL,2022,278,248,1552,359,1911,0.1878597592883307,0.1592910482294595,46.1538461538462,0.461538461538462
BOL,2023,1098,1027,5084,1383,6467,0.2138549559301067,0.2149803549151193,46.1538461538462,0.461538461538462
BOL,2024,760,721,4018,1378,5396,0.2553743513713862,0.2799276024418445,46.1538461538462,0.461538461538462
BRA,2011,6,0,0,0,0,,,8.57699805068226,0.0857699805068226
BRA,2012,7,2,3,0,3,0.0,0.0,8.57699805068226,0.0857699805068226
BRA,2014,28,20,84,13,97,0.134020618556701,0.1880555555555555,9.94152046783626,0.0994152046783626
BRA,2015,277,185,1064,109,1173,0.092924126172208,0.1318576485052457,9.94152046783626,0.0994152046783626
BRA,2016,295,159,797,121,918,0.1318082788671024,0.1672264770211496,9.94152046783626,0.0994152046783626
BRA,2017,68,18,57,7,64,0.109375,0.1442129629629629,10.7212475633528,0.10721247563352801
BRA,2018,30,15,99,16,115,0.1391304347826087,0.1041452991452991,15.009746588694,0.15009746588694
BRA,2019,42,16,113,12,125,0.096,0.0673611111111111,15.009746588694,0.15009746588694
BRA,2020,1,0,0,0,0,,,14.6198830409357,0.146198830409357
BRN,2015,6,6,24,3,27,0.1111111111111111,0.1309523809523809,6.45161290322581,0.06451612903225809
BRN,2016,27,27,104,19,123,0.1544715447154471,0.1215480831708901,6.45161290322581,0.06451612903225809
BRN,2017,8,8,33,6,39,0.1538461538461538,0.1480654761904762,9.09090909090909,0.0909090909090909
BRN,2018,4,4,10,1,11,0.0909090909090909,0.125,9.09090909090909,0.0909090909090909
BRN,2019,12,12,49,9,58,0.1551724137931034,0.1529970760233918,9.09090909090909,0.0909090909090909
BRN,2020,6,6,23,3,26,0.1153846153846153,0.0833333333333333,9.09090909090909,0.0909090909090909
BRN,2021,11,11,39,4,43,0.0930232558139534,0.1015151515151515,9.09090909090909,0.0909090909090909
BRN,2022,11,11,27,3,30,0.1,0.106060606060606,9.09090909090909,0.0909090909090909
BRN,2023,13,13,53,12,65,0.1846153846153846,0.2262237762237762,11.7647058823529,0.117647058823529
BRN,2024,5,5,18,3,21,0.1428571428571428,0.15,11.7647058823529,0.117647058823529
BTN,2008,1,1,2,0,2,0.0,0.0,8.51063829787234,0.0851063829787234
BTN,2009,5,5,15,2,17,0.1176470588235294,0.1399999999999999,8.51063829787234,0.0851063829787234
BTN,2010,3,3,20,1,21,0.0476190476190476,0.0238095238095238,8.51063829787234,0.0851063829787234
BTN,2011,37,37,199,17,216,0.0787037037037037,0.0925899925899925,8.51063829787234,0.0851063829787234
BTN,2012,28,28,71,7,78,0.0897435897435897,0.081547619047619,8.51063829787234,0.0851063829787234
BTN,2013,37,37,173,24,197,0.1218274111675127,0.0937881937881937,6.38297872340426,0.06382978723404259
BTN,2014,42,41,269,42,311,0.135048231511254,0.1087213095681064,8.51063829787234,0.0851063829787234
BTN,2015,48,46,286,68,354,0.192090395480226,0.1903711324906977,8.51063829787234,0.0851063829787234
BTN,2016,131,126,545,100,645,0.1550387596899224,0.1577914699938509,8.51063829787234,0.0851063829787234
BTN,2017,136,135,757,148,905,0.1635359116022099,0.1397942423105821,8.51063829787234,0.0851063829787234
BTN,2018,155,150,951,227,1178,0.1926994906621392,0.1602643637366868,14.8936170212766,0.148936170212766
BTN,2019,155,151,1029,232,1261,0.1839809674861221,0.1853298584458755,14.8936170212766,0.148936170212766
BTN,2020,118,110,594,115,709,0.1622002820874471,0.1500522694774031,14.8936170212766,0.148936170212766
BTN,2021,192,184,852,178,1030,0.1728155339805825,0.1584567597779262,17.0212765957447,0.17021276595744697
BTN,2022,137,124,450,99,549,0.180327868852459,0.1820002683380292,17.3913043478261,0.173913043478261
BTN,2023,160,147,745,155,900,0.1722222222222222,0.1678845530886347,17.3913043478261,0.173913043478261
BTN,2024,125,124,548,114,662,0.1722054380664652,0.1715355577903016,4.25531914893617,0.0425531914893617
CAN,2015,33,33,150,29,179,0.1620111731843575,0.109052773825501,26.0355029585799,0.26035502958579904
CAN,2016,143,139,876,255,1131,0.2254641909814323,0.153710671395706,26.0355029585799,0.26035502958579904
CAN,2017,81,78,385,84,469,0.1791044776119403,0.130975773849077,26.2686567164179,0.262686567164179
CAN,2018,51,49,158,21,179,0.1173184357541899,0.0913348556205699,26.9461077844311,0.269461077844311
CAN,2019,54,54,163,17,180,0.0944444444444444,0.0710944919278252,28.9940828402367,0.289940828402367
CAN,2020,21,21,87,7,94,0.0744680851063829,0.0560090702947845,28.9940828402367,0.289940828402367
CAN,2021,23,21,64,23,87,0.264367816091954,0.1904761904761904,30.4733727810651,0.304733727810651
CAN,2022,2,1,11,7,18,0.3888888888888889,0.3888888888888889,30.4733727810651,0.304733727810651
CHE,2012,1,1,3,4,7,0.5714285714285714,0.5714285714285714,29.0,0.29
CHE,2013,2,2,8,2,10,0.2,0.1111111111111111,31.0,0.31
CHE,2014,71,67,260,60,320,0.1875,0.1638770847726071,31.0,0.31
CHE,2015,125,112,456,76,532,0.1428571428571428,0.1173142659867283,32.0,0.32
CHE,2016,91,84,373,70,443,0.1580135440180587,0.1335035169856598,32.0,0.32
CHE,2017,91,78,352,75,427,0.1756440281030445,0.1689303615774204,32.5,0.325
CHE,2018,76,70,347,63,410,0.1536585365853658,0.1716523754023754,32.5,0.325
CHE,2019,69,60,326,65,391,0.1662404092071611,0.1788604124633536,41.5,0.415
CHE,2020,25,18,94,11,105,0.1047619047619047,0.081021756021756,41.5,0.415
CHE,2021,18,13,79,8,87,0.0919540229885057,0.0943556443556443,42.5,0.425
CHE,2022,11,9,36,6,42,0.1428571428571428,0.283625730994152,41.5,0.415
CHE,2023,11,8,25,5,30,0.1666666666666666,0.1625,38.5,0.385
CHE,2024,15,10,25,10,35,0.2857142857142857,0.2619047619047619,38.5,0.385
CHL,2015,40,32,181,79,260,0.3038461538461538,0.3713390724879695,15.8333333333333,0.158333333333333
CHL,2016,23,21,25,27,52,0.5192307692307693,0.5962585034013606,15.8333333333333,0.158333333333333
CHL,2018,8,8,52,32,84,0.3809523809523809,0.3721813725490196,22.5806451612903,0.225806451612903
CHL,2019,254,228,1254,235,1489,0.157824042981867,0.166429553524389,22.5806451612903,0.225806451612903
CHL,2020,169,141,602,127,729,0.1742112482853223,0.2033340985222801,22.5806451612903,0.225806451612903
CHL,2021,331,277,1131,286,1417,0.2018348623853211,0.2100228801306524,35.4838709677419,0.354838709677419
CHL,2022,150,140,680,341,1021,0.3339862879529873,0.3638409275500164,35.4838709677419,0.354838709677419
CHL,2023,435,414,2149,707,2856,0.2475490196078431,0.264640026301155,35.4838709677419,0.354838709677419
CHL,2024,338,307,1660,557,2217,0.2512404149751917,0.2764216469261799,35.4838709677419,0.354838709677419
CHN,2014,77,8,41,3,44,0.0681818181818181,0.0317307692307692,23.40140609307,0.2340140609307
CHN,2015,73,8,41,4,45,0.0888888888888888,0.05625,23.6228455559311,0.236228455559311
CHN,2016,16,2,13,0,13,0.0,0.0,23.6228455559311,0.236228455559311
CHN,2017,20,0,0,0,0,,,24.2476060191518,0.242476060191518
CHN,2018,2,2,5,1,6,0.1666666666666666,0.125,24.8993288590604,0.248993288590604
CHN,2019,2,2,23,0,23,0.0,0.0,24.9411764705882,0.249411764705882
CHN,2020,6,4,21,0,21,0.0,0.0,24.9411764705882,0.249411764705882
CHN,2021,10,6,56,2,58,0.0344827586206896,0.0255681818181818,24.9411764705882,0.249411764705882
CHN,2022,22,5,12,2,14,0.1428571428571428,0.08,24.9411764705882,0.249411764705882
CHN,2023,28,3,24,7,31,0.2258064516129032,0.2809523809523809,26.5367819952973,0.265367819952973
CIV,2007,16,16,80,9,89,0.1011235955056179,0.1104166666666666,8.86699507389163,0.0886699507389163
CIV,2008,22,22,96,5,101,0.0495049504950495,0.0719696969696969,8.86699507389163,0.0886699507389163
CIV,2009,4,4,8,2,10,0.2,0.1666666666666666,8.86699507389163,0.0886699507389163
CIV,2010,4,4,19,0,19,0.0,0.0,8.86699507389163,0.0886699507389163
CIV,2011,15,15,42,6,48,0.125,0.0533333333333333,11.0236220472441,0.110236220472441
CIV,2012,50,50,245,27,272,0.0992647058823529,0.0886111111111111,10.4417670682731,0.104417670682731
CIV,2013,85,85,440,47,487,0.0965092402464065,0.0951607053077641,10.4417670682731,0.104417670682731
CIV,2014,50,50,238,27,265,0.1018867924528302,0.0959967532467532,9.44881889763779,0.0944881889763779
CIV,2015,74,74,363,42,405,0.1037037037037037,0.0868861016887332,9.16334661354582,0.0916334661354582
CIV,2016,67,67,389,49,438,0.1118721461187214,0.076681741057232,9.16334661354582,0.0916334661354582
CIV,2017,96,96,441,59,500,0.118,0.1104229993479471,10.5882352941176,0.10588235294117601
CIV,2018,39,39,255,36,291,0.1237113402061855,0.0662873660611217,10.5882352941176,0.10588235294117601
CIV,2019,97,97,468,73,541,0.1349353049907578,0.0976865597848011,10.9803921568627,0.109803921568627
CIV,2020,31,31,163,21,184,0.1141304347826086,0.0890715914909463,11.3725490196078,0.11372549019607799
CIV,2021,84,84,440,78,518,0.1505791505791505,0.1341129866865161,14.1732283464567,0.141732283464567
CIV,2022,69,67,426,105,531,0.1977401129943503,0.2043287168396914,14.1732283464567,0.141732283464567
CIV,2023,199,197,1195,247,1442,0.1712898751733703,0.1902624569320389,13.7254901960784,0.137254901960784
CIV,2024,255,244,1594,457,2051,0.2228181374939054,0.2300771273768723,13.3858267716535,0.133858267716535
COD,2019,15,15,101,16,117,0.1367521367521367,0.1283537718320327,10.0,0.1
COD,2020,69,38,197,64,261,0.2452107279693486,0.2064304347545345,12.8,0.128
COD,2021,2,2,2,0,2,0.0,0.0,12.8,0.128
COD,2022,1260,1230,8035,1446,9481,0.1525155574306508,0.1357507931796153,12.8,0.128
COD,2023,2212,2091,14095,3404,17499,0.1945254014515115,0.1830020572344389,12.8,0.128
COD,2024,2266,2167,14616,3299,17915,0.184147362545353,0.1761115410227219,12.9979035639413,0.129979035639413
COL,2011,142,126,663,139,802,0.1733167082294264,0.2754968571283255,12.1212121212121,0.121212121212121
COL,2012,905,802,5013,1533,6546,0.2341888175985334,0.2648590892490873,12.1212121212121,0.121212121212121
COL,2013,844,695,3797,1241,5038,0.2463279078999603,0.3303174458328429,12.1212121212121,0.121212121212121
COL,2014,1162,848,4009,1452,5461,0.2658853689800403,0.3461349325652326,19.8795180722892,0.198795180722892
COL,2015,803,715,5193,1601,6794,0.2356491021489549,0.3110966142130973,19.8795180722892,0.198795180722892
COL,2016,1752,1574,11393,3437,14830,0.2317599460552933,0.2731929448391573,19.8795180722892,0.198795180722892
COL,2017,1831,1661,12084,3713,15797,0.2350446287269735,0.2755567517497238,18.6746987951807,0.186746987951807
COL,2018,1774,1650,11663,3492,15155,0.2304190036291653,0.2562298533167164,18.1286549707602,0.181286549707602
COL,2019,1380,1191,7686,2458,10144,0.2423107255520504,0.2465279031536824,18.7134502923977,0.187134502923977
COL,2020,525,385,1727,558,2285,0.2442013129102844,0.3274456219763964,18.3431952662722,0.183431952662722
COL,2021,833,648,2733,1051,3784,0.2777484143763213,0.3211277120600434,18.8235294117647,0.188235294117647
COL,2022,2138,1917,9855,3841,13696,0.2804468457943925,0.3293265571875604,28.8770053475936,0.288770053475936
COL,2023,2939,2641,15172,5831,21003,0.2776270056658572,0.2945000374447762,28.8770053475936,0.288770053475936
COL,2024,3008,2769,15879,7489,23368,0.3204809996576515,0.3401166734256188,29.4117647058824,0.29411764705882404
COM,2017,171,166,1069,116,1185,0.0978902953586497,0.0737024177919472,6.06060606060606,0.060606060606060594
COM,2018,47,45,239,27,266,0.1015037593984962,0.0853693018940696,6.06060606060606,0.060606060606060594
COM,2019,6,5,19,5,24,0.2083333333333333,0.2333333333333333,6.06060606060606,0.060606060606060594
COM,2020,48,45,407,58,465,0.1247311827956989,0.0931931805469817,16.6666666666667,0.166666666666667
COM,2021,60,59,164,30,194,0.1546391752577319,0.0968087591861008,16.6666666666667,0.166666666666667
COM,2022,33,33,153,31,184,0.1684782608695652,0.1530259701312332,16.6666666666667,0.166666666666667
COM,2023,36,33,209,25,234,0.1068376068376068,0.0932643609114197,16.6666666666667,0.166666666666667
COM,2024,8,7,21,19,40,0.475,0.1952380952380952,16.6666666666667,0.166666666666667
CPV,2018,1,1,2,1,3,0.3333333333333333,0.3333333333333333,23.6111111111111,0.236111111111111
CPV,2019,713,630,3613,672,4285,0.1568261376896149,0.1596281742430201,23.6111111111111,0.236111111111111
CPV,2020,468,404,1904,289,2193,0.1317829457364341,0.125455528765291,25.0,0.25
CPV,2021,357,338,1713,310,2023,0.1532377656945131,0.1476006064174452,38.8888888888889,0.388888888888889
CPV,2022,854,784,4010,863,4873,0.1770982967371229,0.181337533024876,38.8888888888889,0.388888888888889
CPV,2023,1108,994,5452,1438,6890,0.2087082728592162,0.216670564048477,41.6666666666667,0.416666666666667
CPV,2024,645,568,3211,892,4103,0.2174019010480136,0.2157216895562917,38.8888888888889,0.388888888888889
CUB,2017,434,331,1469,271,1740,0.1557471264367816,0.1491835660242449,48.8562091503268,0.48856209150326796
CUB,2018,967,813,3717,833,4550,0.183076923076923,0.1787733633674258,53.2231404958678,0.532231404958678
CUB,2019,1218,964,4415,1045,5460,0.1913919413919413,0.1839940818120455,53.2231404958678,0.532231404958678
CUB,2020,1398,1136,4007,1026,5033,0.2038545599046294,0.1789239316429596,53.2231404958678,0.532231404958678
CUB,2021,1542,1234,6325,1152,7477,0.1540724889661629,0.1543810759003304,53.4129692832764,0.534129692832764
CUB,2022,2018,1730,10005,1957,11962,0.1636014044474168,0.1564502168350814,53.4129692832764,0.534129692832764
CUB,2023,2268,2108,13819,2889,16708,0.1729111802729231,0.1594620495449567,55.7446808510638,0.557446808510638
CUB,2024,2267,2028,12608,2783,15391,0.1808199597167175,0.1792687194925005,55.7446808510638,0.557446808510638
CYP,2018,91,87,353,57,410,0.1390243902439024,0.1097905460374767,17.8571428571429,0.178571428571429
CYP,2019,121,120,533,67,600,0.1116666666666666,0.0997531163939832,17.8571428571429,0.178571428571429
CYP,2020,62,62,231,34,265,0.1283018867924528,0.1116740786095624,19.6428571428571,0.196428571428571
CYP,2021,15,15,84,11,95,0.1157894736842105,0.1212632396842923,14.2857142857143,0.14285714285714302
CYP,2022,216,212,933,180,1113,0.1617250673854447,0.133987258810372,14.2857142857143,0.14285714285714302
CYP,2023,333,327,1488,280,1768,0.1583710407239819,0.1315171335182949,14.2857142857143,0.14285714285714302
CYP,2024,430,413,1529,396,1925,0.2057142857142857,0.1917897045969595,14.2857142857143,0.14285714285714302
CZE,2007,1,0,0,0,0,,,15.5,0.155
CZE,2008,2,0,0,0,0,,,15.5,0.155
CZE,2009,44,29,66,9,75,0.12,0.1652298850574712,15.5,0.155
CZE,2010,13,12,35,2,37,0.054054054054054,0.0208333333333333,22.0,0.22
CZE,2011,9,9,58,4,62,0.064516129032258,0.023391812865497,22.0,0.22
CZE,2012,41,38,182,17,199,0.0854271356783919,0.0773086562560246,22.0,0.22
CZE,2013,34,34,177,4,181,0.0220994475138121,0.0220931029754559,19.5,0.195
CZE,2014,65,64,391,50,441,0.1133786848072562,0.0886935330294705,19.5,0.195
CZE,2015,62,60,428,57,485,0.1175257731958762,0.1026219545704839,20.0,0.2
CZE,2016,83,82,612,55,667,0.0824587706146926,0.0733388592517,20.0,0.2
CZE,2017,95,93,735,57,792,0.0719696969696969,0.0817401613574089,22.0,0.22
CZE,2018,83,83,481,64,545,0.1174311926605504,0.0958893761958964,22.0,0.22
CZE,2019,102,97,523,89,612,0.1454248366013072,0.1404989782080363,22.5,0.225
CZE,2020,76,76,304,60,364,0.1648351648351648,0.1447309634809634,22.5,0.225
CZE,2021,71,70,242,46,288,0.1597222222222222,0.1147510822510822,25.0,0.25
CZE,2022,47,47,355,49,404,0.1212871287128712,0.1277371356219916,25.5,0.255
CZE,2023,563,519,1853,297,2150,0.1381395348837209,0.1220664837103928,26.0,0.26
CZE,2024,773,736,2802,483,3285,0.1470319634703196,0.1217805228895314,26.0,0.26
DEU,2021,15,15,45,4,49,0.0816326530612244,0.0595238095238095,34.9184782608696,0.349184782608696
DEU,2022,284,273,1316,214,1530,0.1398692810457516,0.1041604737411488,34.9184782608696,0.349184782608696
DEU,2023,146,142,782,146,928,0.1573275862068965,0.1341663081718351,35.1902173913043,0.351902173913043
DEU,2024,129,127,650,106,756,0.1402116402116402,0.1151758651396032,35.3260869565217,0.353260869565217
DJI,2023,118,79,545,59,604,0.097682119205298,0.1202695679477824,26.1538461538462,0.261538461538462
DJI,2024,61,50,292,49,341,0.1436950146627566,0.093809595633125,26.1538461538462,0.261538461538462
DNK,2011,64,0,0,0,0,,,39.1061452513966,0.39106145251396596
DNK,2012,76,0,0,0,0,,,39.1061452513966,0.39106145251396596
DNK,2013,88,0,0,0,0,,,39.1061452513966,0.39106145251396596
DNK,2014,147,3,9,5,14,0.3571428571428571,0.1666666666666666,39.1061452513966,0.39106145251396596
DNK,2015,110,12,74,3,77,0.0389610389610389,0.0381944444444444,37.4301675977654,0.37430167597765396
DNK,2016,27,8,26,10,36,0.2777777777777778,0.2083333333333333,37.4301675977654,0.37430167597765396
DNK,2017,1,0,0,0,0,,,37.4301675977654,0.37430167597765396
DNK,2018,21,21,79,57,136,0.4191176470588235,0.4790438397581255,37.4301675977654,0.37430167597765396
DNK,2021,12,0,0,0,0,,,39.6648044692737,0.39664804469273696
DNK,2022,23,14,91,17,108,0.1574074074074074,0.1676587301587301,43.5754189944134,0.43575418994413395
DNK,2023,41,16,85,17,102,0.1666666666666666,0.1376578282828283,43.5754189944134,0.43575418994413395
DNK,2024,31,10,58,12,70,0.1714285714285714,0.2359523809523809,45.2513966480447,0.45251396648044695
DOM,2020,287,267,1791,393,2184,0.1799450549450549,0.1714852528398894,27.8947368421053,0.278947368421053
DOM,2021,1371,1179,7317,1663,8980,0.1851893095768374,0.1829204132789636,27.8947368421053,0.278947368421053
DOM,2022,5561,4826,31101,9393,40494,0.2319602904133945,0.2228580670606353,27.8947368421053,0.278947368421053
DOM,2023,6496,5524,35421,10530,45951,0.2291571456551544,0.2203537845688715,27.8947368421053,0.278947368421053
DOM,2024,5216,4404,28276,9062,37338,0.2427018051315014,0.2298750406912727,36.8421052631579,0.368421052631579
DZA,2017,1,1,2,0,2,0.0,0.0,25.7575757575758,0.257575757575758
DZA,2018,4,4,8,0,8,0.0,0.0,25.7575757575758,0.257575757575758
DZA,2019,23,20,59,3,62,0.0483870967741935,0.0203787878787878,25.7575757575758,0.257575757575758
DZA,2020,18,16,46,4,50,0.08,0.0267857142857142,25.7575757575758,0.257575757575758
DZA,2021,92,88,305,15,320,0.046875,0.0508264462809917,8.10810810810811,0.0810810810810811
DZA,2022,103,100,517,31,548,0.0565693430656934,0.0420203362880313,8.10810810810811,0.0810810810810811
DZA,2023,409,402,1902,227,2129,0.1066228276186002,0.093886267903582,7.86240786240786,0.0786240786240786
DZA,2024,448,444,1829,172,2001,0.0859570214892553,0.0729903027213398,7.86240786240786,0.0786240786240786
ECU,2012,59,54,271,46,317,0.1451104100946372,0.124041699041699,32.258064516129,0.32258064516129
ECU,2013,297,261,1093,175,1268,0.1380126182965299,0.1209308039767809,38.6861313868613,0.386861313868613
ECU,2014,1034,949,5489,1092,6581,0.1659322291445069,0.1653370390159482,41.6058394160584,0.416058394160584
ECU,2015,279,241,1444,262,1706,0.1535756154747948,0.1396275535745366,41.6058394160584,0.416058394160584
ECU,2016,183,165,1082,215,1297,0.1657671549730146,0.1662957458517548,41.6058394160584,0.416058394160584
ECU,2017,341,322,2005,430,2435,0.1765913757700205,0.167297531255061,37.956204379562,0.37956204379562003
ECU,2018,317,288,1748,401,2149,0.1865984178687761,0.1758479295747553,37.956204379562,0.37956204379562003
ECU,2019,261,258,1520,403,1923,0.2095683827353094,0.185883639870608,37.956204379562,0.37956204379562003
ECU,2020,392,321,1667,424,2091,0.2027737924438067,0.185676850473874,39.4160583941606,0.394160583941606
ECU,2021,527,457,3008,634,3642,0.1740801757276222,0.1773931313033722,39.4160583941606,0.394160583941606
ECU,2022,580,549,3761,871,4632,0.1880397236614853,0.1830669509821707,38.6861313868613,0.386861313868613
ECU,2023,461,446,3157,812,3969,0.2045855379188712,0.1893624329184138,43.0656934306569,0.430656934306569
ECU,2024,408,391,2816,1008,3824,0.2635983263598326,0.2424695351718106,43.0656934306569,0.430656934306569
EGY,2014,9,8,73,6,79,0.0759493670886076,0.0533008658008658,1.96850393700787,0.0196850393700787
EGY,2015,5,5,20,0,20,0.0,0.0,14.9328859060403,0.149328859060403
EGY,2016,2,2,2,2,4,0.5,0.5,14.9328859060403,0.149328859060403
EGY,2017,76,71,499,48,547,0.0877513711151736,0.081904871341491,14.9328859060403,0.149328859060403
EGY,2018,66,58,397,29,426,0.068075117370892,0.0809386973180076,14.9328859060403,0.149328859060403
EGY,2019,1794,1637,10774,1157,11931,0.0969742687117592,0.0881870020456183,14.9328859060403,0.149328859060403
EGY,2020,1646,1383,7556,500,8056,0.0620655412115193,0.0586592356976432,27.4111675126904,0.274111675126904
EGY,2021,1742,1487,7108,523,7631,0.0685362337832525,0.0595648514500646,27.7027027027027,0.27702702702702703
EGY,2022,1671,1508,7603,742,8345,0.0889155182744158,0.0727711241287687,27.580372250423,0.27580372250423
EGY,2023,1682,1475,7577,552,8129,0.0679050313691721,0.0550589997666242,27.5337837837838,0.275337837837838
EGY,2024,1308,1142,5286,571,5857,0.0974901826873826,0.0781643057013101,27.7027027027027,0.27702702702702703
ERI,2009,1,0,0,0,0,,,22.0,0.22
ERI,2010,9,0,0,0,0,,,22.0,0.22
ERI,2011,14,0,0,0,0,,,22.0,0.22
ERI,2012,6,0,0,0,0,,,22.0,0.22
ERI,2013,4,0,0,0,0,,,22.0,0.22
ERI,2014,4,0,0,0,0,,,22.0,0.22
ERI,2015,8,0,0,0,0,,,22.0,0.22
ERI,2016,32,0,0,0,0,,,22.0,0.22
ERI,2017,6,0,0,0,0,,,22.0,0.22
ERI,2018,5,0,0,0,0,,,22.0,0.22
ERI,2019,2,0,0,0,0,,,22.0,0.22
ERI,2020,5,0,0,0,0,,,22.0,0.22
ERI,2021,8,0,0,0,0,,,22.0,0.22
ERI,2022,12,0,0,0,0,,,22.0,0.22
ERI,2023,19,0,0,0,0,,,22.0,0.22
ERI,2024,5,0,0,0,0,,,22.0,0.22
ESP,2011,378,373,1712,322,2034,0.1583087512291052,0.1336185080359168,36.0,0.36
ESP,2012,243,240,1521,258,1779,0.1450252951096121,0.1094346214729285,36.0,0.36
ESP,2013,236,236,1808,307,2115,0.1451536643026004,0.1107765944356557,36.0,0.36
ESP,2014,235,234,1508,251,1759,0.1426947129050597,0.1227480608582259,39.7142857142857,0.397142857142857
ESP,2015,265,263,1589,319,1908,0.1671907756813417,0.1349316371840559,41.1428571428571,0.41142857142857103
ESP,2016,177,172,995,218,1213,0.179719703215169,0.1229023412917591,39.1428571428571,0.391428571428571
ESP,2017,305,301,1928,425,2353,0.1806204844878878,0.122297669764285,39.1428571428571,0.391428571428571
ESP,2018,279,274,1785,426,2211,0.1926729986431479,0.1566271964389594,39.1428571428571,0.391428571428571
ESP,2019,129,126,925,265,1190,0.2226890756302521,0.2078622500284338,44.0,0.44
ESP,2020,303,295,1435,401,1836,0.2184095860566448,0.1610028929862461,44.0,0.44
ESP,2021,434,420,2459,588,3047,0.1929766983918608,0.1575945506880229,43.4285714285714,0.434285714285714
ESP,2022,452,437,2849,774,3623,0.2136351090256693,0.1677028105719145,42.9799426934097,0.42979942693409695
ESP,2023,313,308,2046,555,2601,0.2133794694348327,0.1589106877594309,44.2857142857143,0.442857142857143
ESP,2024,695,683,4595,1370,5965,0.2296730930427493,0.1927077040726947,44.2857142857143,0.442857142857143
EST,2008,4,4,16,3,19,0.1578947368421052,0.15625,20.7920792079208,0.207920792079208
EST,2009,25,20,57,7,64,0.109375,0.0939285714285714,22.7722772277228,0.227722772277228
EST,2010,17,16,102,15,117,0.1282051282051282,0.1277101370851371,22.7722772277228,0.227722772277228
EST,2014,42,35,158,30,188,0.1595744680851064,0.1888932496075353,19.0,0.19
EST,2015,98,93,388,142,530,0.2679245283018868,0.3387372782534072,23.7623762376238,0.237623762376238
EST,2016,158,149,688,177,865,0.2046242774566474,0.2554752846491371,23.7623762376238,0.237623762376238
EST,2017,186,152,799,170,969,0.175438596491228,0.1725250615601153,26.7326732673267,0.267326732673267
EST,2018,58,56,201,38,239,0.1589958158995816,0.1422525639043496,26.7326732673267,0.267326732673267
EST,2019,45,38,196,22,218,0.1009174311926605,0.1057644110275689,29.7029702970297,0.297029702970297
EST,2020,43,26,95,21,116,0.1810344827586207,0.1239190548014077,28.7128712871287,0.287128712871287
EST,2021,16,11,45,18,63,0.2857142857142857,0.5056960583276373,25.7425742574257,0.257425742574257
EST,2022,97,86,420,92,512,0.1796875,0.2063204400458702,25.7425742574257,0.257425742574257
EST,2023,211,192,1014,271,1285,0.2108949416342412,0.2076067761812867,28.7128712871287,0.287128712871287
EST,2024,273,243,1357,383,1740,0.2201149425287356,0.2050073639040966,29.7029702970297,0.297029702970297
FIN,2019,690,469,1478,625,2103,0.2971944840703756,0.3486926950959006,47.0,0.47
FIN,2020,652,368,719,388,1107,0.3504968383017163,0.368122291355987,46.0,0.46
FIN,2021,793,448,1019,462,1481,0.3119513841998649,0.3827382450827271,46.0,0.46
FIN,2022,814,535,1202,546,1748,0.3123569794050343,0.369673599160395,45.5,0.455
FIN,2023,335,219,561,299,860,0.3476744186046511,0.3733338827266333,46.0,0.46
FIN,2024,572,384,861,404,1265,0.3193675889328063,0.3711878332661276,46.0,0.46
FJI,2012,232,184,658,99,757,0.130779392338177,0.1315359383973514,14.0,0.14
FJI,2013,1580,1436,5056,928,5984,0.1550802139037433,0.1258674608741982,14.0,0.14
FJI,2014,1295,1173,4992,935,5927,0.1577526573308587,0.1514801811686118,14.0,0.14
FJI,2015,819,807,4425,927,5352,0.1732062780269058,0.2323146082614803,16.0,0.16
FJI,2016,314,295,1417,278,1695,0.1640117994100295,0.2613785701247264,16.0,0.16
FJI,2017,73,71,254,54,308,0.1753246753246753,0.2135330470873138,16.0,0.16
FJI,2018,23,20,74,22,96,0.2291666666666666,0.2910795454545454,19.6078431372549,0.196078431372549
FJI,2019,1395,1321,7864,1994,9858,0.2022722661797525,0.2826596310054697,19.6078431372549,0.196078431372549
FJI,2020,1059,1005,5407,1266,6673,0.189719766222089,0.2929361730708839,19.6078431372549,0.196078431372549
FJI,2021,2002,1902,8743,2433,11176,0.2176986399427344,0.2592555029296993,21.5686274509804,0.21568627450980402
FJI,2022,8072,7944,50111,12287,62398,0.1969133626077759,0.1947448080376088,19.6078431372549,0.196078431372549
FJI,2023,1343,1329,7319,2070,9389,0.2204707636596016,0.2129807495781385,10.9090909090909,0.10909090909090899
FJI,2024,171,168,1195,221,1416,0.1560734463276836,0.18484235475629,9.09090909090909,0.0909090909090909
FRA,2000,1,1,2,0,2,0.0,0.0,10.9185441941075,0.109185441941075
FRA,2009,1,1,1,0,1,0.0,0.0,18.8908145580589,0.188908145580589
FRA,2017,9,7,54,12,66,0.1818181818181818,0.1430272108843537,38.9948006932409,0.389948006932409
FRA,2018,23,21,138,18,156,0.1153846153846153,0.0995624745624745,39.5833333333333,0.395833333333333
FRA,2019,39,26,130,39,169,0.2307692307692307,0.206077256077256,39.6880415944541,0.396880415944541
FRA,2020,200,113,283,67,350,0.1914285714285714,0.1824649758976726,39.5147313691508,0.395147313691508
FRA,2021,187,112,277,58,335,0.1731343283582089,0.1659535275800803,39.5147313691508,0.395147313691508
FRA,2022,156,94,257,64,321,0.1993769470404984,0.2769764514445365,37.261698440208,0.37261698440208
FRA,2023,53,30,72,21,93,0.2258064516129032,0.2364454064454064,37.7816291161178,0.377816291161178
FRA,2024,72,50,90,42,132,0.3181818181818182,0.3368477078477078,36.0485268630849,0.360485268630849
GAB,2014,8,8,21,5,26,0.1923076923076923,0.2333333333333333,15.0,0.15
GAB,2015,18,18,106,12,118,0.1016949152542373,0.091812865497076,14.1666666666667,0.141666666666667
GAB,2018,1,1,14,2,16,0.125,0.125,17.0940170940171,0.170940170940171
GAB,2022,1,0,0,0,0,,,15.3846153846154,0.153846153846154
GAB,2023,29,26,159,32,191,0.1675392670157068,0.1608233646695185,24.4897959183673,0.244897959183673
GAB,2024,166,165,924,148,1072,0.1380597014925373,0.1337376556895273,25.5102040816327,0.255102040816327
GBR,2006,14,11,41,6,47,0.1276595744680851,0.2412587412587412,19.6594427244582,0.19659442724458198
GBR,2007,21,14,38,10,48,0.2083333333333333,0.2698412698412698,19.5046439628483,0.19504643962848298
GBR,2008,21,17,66,12,78,0.1538461538461538,0.1915661136249371,19.5046439628483,0.19504643962848298
GBR,2009,24,20,68,24,92,0.2608695652173913,0.3274621212121212,19.5046439628483,0.19504643962848298
GBR,2010,353,312,1256,183,1439,0.1271716469770674,0.1217340574311728,22.0,0.22
GBR,2011,491,437,1938,269,2207,0.1218849116447666,0.1208990824837506,22.3076923076923,0.223076923076923
GBR,2012,440,392,1867,287,2154,0.1332404828226555,0.136104249996965,22.4615384615385,0.224615384615385
GBR,2013,1542,1256,4967,916,5883,0.1557028726840047,0.150970677166374,22.4615384615385,0.224615384615385
GBR,2014,709,585,2091,543,2634,0.2061503416856492,0.2198700372158338,22.6153846153846,0.22615384615384598
GBR,2015,461,378,1492,303,1795,0.1688022284122562,0.237179177883676,29.3846153846154,0.29384615384615403
GBR,2016,360,312,1104,376,1480,0.254054054054054,0.2981133094113863,29.5839753466872,0.295839753466872
GBR,2017,398,360,1493,376,1869,0.2011771000535045,0.2650349764101895,32.0,0.32
GBR,2018,776,626,2553,844,3397,0.2484545186929644,0.2702006386774158,32.1538461538462,0.32153846153846205
GBR,2019,1180,904,3779,1203,4982,0.2414692894419911,0.2548453690052973,32.0,0.32
GBR,2020,943,649,2041,606,2647,0.2289384208537967,0.2373295666744268,33.8461538461538,0.338461538461538
GBR,2021,890,592,2070,602,2672,0.2252994011976048,0.2667400148098677,34.2592592592593,0.342592592592593
GBR,2022,1154,838,2719,922,3641,0.2532271354023619,0.2994512908688263,34.5679012345679,0.345679012345679
GBR,2023,1017,869,2877,787,3664,0.2147925764192139,0.2070836812544212,34.6153846153846,0.346153846153846
GBR,2024,799,696,2153,716,2869,0.2495643081212966,0.2636755577361561,40.4615384615385,0.40461538461538504
GEO,2013,8,5,36,4,40,0.1,0.0615384615384615,12.0,0.12
GEO,2014,827,645,4704,526,5230,0.1005736137667304,0.093461679954912,12.0,0.12
GEO,2015,803,725,4420,461,4881,0.0944478590452776,0.0861909975485293,11.3333333333333,0.11333333333333301
GEO,2016,898,837,5655,648,6303,0.10280818657782,0.0909987972148829,16.0,0.16
GEO,2017,816,775,4573,431,5004,0.0861310951239008,0.0721524163110101,16.0,0.16
GEO,2018,802,768,4138,484,4622,0.1047165729121592,0.0894085597177339,16.0,0.16
GEO,2019,956,932,5342,773,6115,0.1264104660670482,0.10169378695181,14.7651006711409,0.147651006711409
GEO,2020,785,769,4423,742,5165,0.1436592449177154,0.1168322098061568,20.6666666666667,0.206666666666667
GEO,2021,1316,1206,6399,745,7144,0.1042833146696528,0.0854684537570593,19.3333333333333,0.193333333333333
GEO,2022,1145,951,4824,448,5272,0.0849772382397572,0.070132989693568,19.047619047619,0.19047619047619002
GEO,2023,1075,887,4075,483,4558,0.1059675296182536,0.0888644773134268,18.4397163120567,0.184397163120567
GEO,2024,782,676,3863,500,4363,0.1146000458400183,0.0925498694883461,22.6666666666667,0.226666666666667
GHA,2015,2,2,17,6,23,0.2608695652173913,0.2276785714285714,10.9090909090909,0.10909090909090899
GHA,2017,18,18,58,13,71,0.1830985915492957,0.2027777777777777,12.7272727272727,0.127272727272727
GHA,2018,335,329,1842,651,2493,0.2611311672683514,0.3056968925442399,12.7272727272727,0.127272727272727
GHA,2019,55,53,200,83,283,0.293286219081272,0.3701367968571076,13.0909090909091,0.130909090909091
GHA,2020,11,11,50,17,67,0.2537313432835821,0.262043512043512,13.0909090909091,0.130909090909091
GHA,2021,1,1,11,7,18,0.3888888888888889,0.3888888888888889,14.5454545454545,0.145454545454545
GHA,2022,50,49,202,95,297,0.3198653198653198,0.3894855844435677,14.5454545454545,0.145454545454545
GHA,2023,41,41,219,107,326,0.3282208588957055,0.3421342963200187,14.5454545454545,0.145454545454545
GHA,2024,17,17,108,45,153,0.2941176470588235,0.3041460087899716,14.5454545454545,0.145454545454545
GMB,2021,31,29,166,65,231,0.2813852813852814,0.2351114881287295,8.62068965517241,0.08620689655172409
GMB,2022,271,259,1040,317,1357,0.2336035372144436,0.2354249256560181,8.62068965517241,0.08620689655172409
GMB,2023,25,19,128,23,151,0.152317880794702,0.1654323884342623,8.62068965517241,0.08620689655172409
GMB,2024,63,41,302,61,363,0.1680440771349862,0.1434298051114482,8.62068965517241,0.08620689655172409
GNQ,2015,1,0,0,0,0,,,24.0,0.24
GNQ,2019,1923,1705,8736,1589,10325,0.1538983050847457,0.1614280475742798,21.0,0.21
GNQ,2020,2166,1730,7350,1261,8611,0.1464405992335385,0.158630653985841,21.0,0.21
GNQ,2021,3677,3320,17265,2789,20054,0.1390744988530966,0.1530228659087686,23.0,0.23
GNQ,2022,2095,1968,12090,2461,14551,0.169129269466016,0.1657136747262252,31.0,0.31
GNQ,2023,4006,3824,23048,4849,27897,0.1738179732587733,0.1729764397088939,31.0,0.31
GNQ,2024,4823,4645,29169,6466,35635,0.1814508208222253,0.1794940023464239,32.0,0.32
GRC,2010,23,18,46,5,51,0.0980392156862745,0.0555555555555555,17.3333333333333,0.173333333333333
GRC,2011,94,93,344,36,380,0.0947368421052631,0.0738943255072287,18.6666666666667,0.186666666666667
GRC,2012,58,58,193,17,210,0.0809523809523809,0.0932881773399014,21.0,0.21
GRC,2013,132,129,424,31,455,0.0681318681318681,0.0483942414174972,21.0,0.21
GRC,2014,188,188,629,57,686,0.0830903790087463,0.050240362474405,21.0,0.21
GRC,2015,123,121,403,23,426,0.0539906103286385,0.0473103572277125,19.6666666666667,0.196666666666667
GRC,2016,133,124,517,30,547,0.0548446069469835,0.0473653797183208,19.6666666666667,0.196666666666667
GRC,2017,172,171,597,59,656,0.0899390243902439,0.0579485816327921,18.3333333333333,0.18333333333333302
GRC,2018,162,162,399,29,428,0.0677570093457943,0.0364687438761512,18.6666666666667,0.186666666666667
GRC,2019,205,205,607,73,680,0.1073529411764705,0.0831014689120858,20.6666666666667,0.206666666666667
GRC,2020,233,231,539,55,594,0.0925925925925925,0.0805780438897322,21.6666666666667,0.216666666666667
GRC,2021,213,212,499,45,544,0.0827205882352941,0.0586862861210807,21.6666666666667,0.216666666666667
GRC,2022,302,299,849,102,951,0.1072555205047318,0.0732912293949083,21.0,0.21
GRC,2023,216,215,588,69,657,0.1050228310502283,0.0767228766065975,23.0,0.23
GRC,2024,252,252,652,97,749,0.1295060080106809,0.0825592021320312,23.0,0.23
GTM,2018,25,25,157,76,233,0.3261802575107296,0.3311410876704994,12.6582278481013,0.126582278481013
GTM,2019,834,772,4467,1292,5759,0.2243445042542108,0.2055587226336764,19.375,0.19375
GTM,2020,1102,941,4592,939,5531,0.1697703851021515,0.1755632170363077,19.375,0.19375
GTM,2021,4051,3515,16467,3200,19667,0.1627091066253114,0.1741521672999322,19.375,0.19375
GTM,2022,3778,3416,18449,3835,22284,0.1720965715311434,0.1722726694991925,19.375,0.19375
GTM,2023,2103,1853,9912,2307,12219,0.1888043211392094,0.191528544822081,20.0,0.2
GTM,2024,5312,4367,24505,7520,32025,0.2348165495706479,0.2373845793767243,20.0,0.2
GUY,2017,3,3,18,2,20,0.1,0.0952380952380952,31.8840579710145,0.318840579710145
GUY,2018,2,1,4,1,5,0.2,0.2,31.8840579710145,0.318840579710145
GUY,2019,6,5,8,9,17,0.5294117647058824,0.6,31.8840579710145,0.318840579710145
GUY,2020,5,5,8,0,8,0.0,0.0,35.7142857142857,0.357142857142857
GUY,2021,9,8,18,1,19,0.0526315789473684,0.0138888888888888,35.7142857142857,0.357142857142857
GUY,2022,40,35,108,33,141,0.2340425531914893,0.1966738816738816,35.3846153846154,0.35384615384615403
GUY,2023,146,125,577,106,683,0.1551976573938506,0.152675886686413,36.6197183098592,0.366197183098592
GUY,2024,54,41,127,32,159,0.2012578616352201,0.1657568718544328,39.4366197183099,0.394366197183099
HRV,2003,76,76,355,28,383,0.0731070496083551,0.0708032335741314,20.5298013245033,0.205298013245033
HRV,2004,49,47,167,13,180,0.0722222222222222,0.0641843971631205,21.7105263157895,0.21710526315789502
HRV,2005,46,45,148,59,207,0.2850241545893719,0.4075847609180942,21.7105263157895,0.21710526315789502
HRV,2006,35,35,110,47,157,0.2993630573248407,0.4016937031222746,21.7105263157895,0.21710526315789502
HRV,2007,93,93,358,98,456,0.2149122807017544,0.2853567579374031,20.9150326797386,0.20915032679738602
HRV,2008,231,222,1066,153,1219,0.1255127153404429,0.1217186040715452,20.9150326797386,0.20915032679738602
HRV,2009,339,326,1565,182,1747,0.1041785918717801,0.1004575988088258,23.5294117647059,0.235294117647059
HRV,2010,375,370,1830,256,2086,0.1227229146692233,0.0982722228310463,23.5294117647059,0.235294117647059
HRV,2011,132,131,689,55,744,0.0739247311827957,0.0676761745464035,23.841059602649,0.23841059602649
HRV,2012,219,212,802,299,1101,0.2715712988192552,0.3859592771114691,23.841059602649,0.23841059602649
HRV,2014,3,3,13,1,14,0.0714285714285714,0.1111111111111111,23.841059602649,0.23841059602649
HRV,2015,126,121,799,90,889,0.1012373453318335,0.0908824951385015,15.2317880794702,0.152317880794702
HRV,2017,81,80,621,128,749,0.1708945260347129,0.1567079633043255,18.5430463576159,0.185430463576159
HRV,2018,82,78,513,98,611,0.160392798690671,0.1758739476406985,18.5430463576159,0.185430463576159
HRV,2019,78,77,569,108,677,0.1595273264401772,0.1484846467557255,20.5298013245033,0.205298013245033
HRV,2020,53,51,219,43,262,0.1641221374045801,0.1176894084014827,31.1258278145695,0.311258278145695
HRV,2021,352,321,1249,242,1491,0.1623071763916834,0.1360475242344162,31.1258278145695,0.311258278145695
HRV,2022,453,438,2089,564,2653,0.2125895212966453,0.1887174723673833,31.7880794701987,0.317880794701987
HRV,2023,494,476,2636,739,3375,0.2189629629629629,0.2119397249128205,31.7880794701987,0.317880794701987
HRV,2024,477,461,2649,725,3374,0.2148784825133373,0.1953860499718337,33.112582781457,0.33112582781457
HUN,2011,2,2,12,2,14,0.1428571428571428,0.0909090909090909,8.80829015544041,0.0880829015544041
HUN,2012,36,34,170,38,208,0.1826923076923076,0.1594334586981645,8.80829015544041,0.0880829015544041
HUN,2013,56,56,292,30,322,0.093167701863354,0.0947505692253591,8.80829015544041,0.0880829015544041
HUN,2014,575,561,2765,343,3108,0.1103603603603603,0.0922851858021103,10.0502512562814,0.100502512562814
HUN,2015,1411,1391,6543,685,7228,0.0947703375760929,0.0665896891290272,10.1010101010101,0.10101010101010101
HUN,2016,1741,1722,7985,809,8794,0.0919945417329997,0.0727745534499237,10.1010101010101,0.10101010101010101
HUN,2017,1808,1765,8430,1029,9459,0.1087852838566444,0.0858080370628279,10.0502512562814,0.100502512562814
HUN,2018,1171,1143,5316,639,5955,0.1073047858942065,0.0813824335778538,12.5628140703518,0.125628140703518
HUN,2019,444,426,2069,226,2295,0.098474945533769,0.0750221215269209,12.5628140703518,0.125628140703518
HUN,2020,34,30,149,23,172,0.1337209302325581,0.1070580808080808,12.0603015075377,0.120603015075377
HUN,2021,11,1,1,0,1,0.0,0.0,13.0653266331658,0.130653266331658
HUN,2022,10,10,35,14,49,0.2857142857142857,0.5617004048582996,14.070351758794,0.14070351758794
HUN,2023,4,3,37,10,47,0.2127659574468085,0.228042328042328,14.070351758794,0.14070351758794
HUN,2024,12,4,12,1,13,0.0769230769230769,0.25,14.572864321608,0.14572864321608
IDN,2014,212,199,1384,160,1544,0.1036269430051813,0.1038855521333701,16.9369369369369,0.169369369369369
IDN,2015,744,709,4685,702,5387,0.1303137182105067,0.1355330829964247,17.1171171171171,0.171171171171171
IDN,2016,767,739,5108,693,5801,0.1194621616962592,0.111726308440867,17.1171171171171,0.171171171171171
IDN,2017,664,638,4469,738,5207,0.1417322834645669,0.1277613939176048,19.8214285714286,0.198214285714286
IDN,2018,1344,1261,8555,1519,10074,0.1507841969426245,0.1605548258362131,19.8214285714286,0.198214285714286
IDN,2019,1762,1589,11714,2374,14088,0.1685122089721749,0.1614893684040338,17.3913043478261,0.173913043478261
IDN,2020,1913,1557,7027,1214,8241,0.1473122193908506,0.1472605514493633,20.3478260869565,0.203478260869565
IDN,2021,1904,1676,6622,1211,7833,0.1546023235031278,0.1493408677289115,21.0434782608696,0.21043478260869597
IDN,2022,1532,1405,8560,1412,9972,0.1415964701163257,0.1384131671536046,21.9130434782609,0.219130434782609
IDN,2023,1375,1339,10456,1954,12410,0.157453666398066,0.1459097266463138,21.5652173913044,0.215652173913044
IDN,2024,1145,1079,8683,1648,10331,0.1595198915884232,0.1520158333555057,21.0344827586207,0.210344827586207
IND,2011,4,4,23,2,25,0.08,0.08125,11.0091743119266,0.110091743119266
IND,2012,3,1,10,0,10,0.0,0.0,11.0091743119266,0.110091743119266
IND,2013,1,1,11,1,12,0.0833333333333333,0.0833333333333333,11.0091743119266,0.110091743119266
IND,2014,651,651,4082,383,4465,0.0857782754759238,0.0758868233462673,11.4180478821363,0.114180478821363
IND,2015,1621,1578,11555,1287,12842,0.1002180345740538,0.0916668018981237,11.9705340699816,0.119705340699816
IND,2016,617,602,4322,434,4756,0.0912531539108494,0.0808513310044561,11.9705340699816,0.119705340699816
IND,2017,505,498,3542,399,3941,0.1012433392539964,0.0899217801108348,11.8081180811808,0.11808118081180799
IND,2018,483,479,3541,553,4094,0.1350757205666829,0.1063237309866714,11.8081180811808,0.11808118081180799
IND,2019,330,328,2199,302,2501,0.1207516993202719,0.0939508215222974,14.3911439114391,0.143911439114391
IND,2020,248,248,1231,169,1400,0.1207142857142857,0.0856964400568028,14.3646408839779,0.143646408839779
IND,2021,479,476,1830,243,2073,0.1172214182344428,0.07900814891979,14.4444444444444,0.14444444444444401
IND,2022,649,643,4116,655,4771,0.1372877803395514,0.106633778486317,14.9446494464945,0.149446494464945
IND,2023,735,733,3895,568,4463,0.1272686533721712,0.0832489735408646,15.2416356877323,0.152416356877323
IND,2024,614,610,3253,520,3773,0.1378213623111582,0.0908260943250922,13.6531365313653,0.136531365313653
IRL,2021,3,0,0,0,0,,,22.5,0.225
IRL,2023,1,0,0,0,0,,,23.125,0.23125
IRN,2013,395,389,2128,129,2257,0.0571555161719096,0.051794678877377,3.10344827586207,0.0310344827586207
IRN,2014,1040,1034,7305,416,7721,0.0538790312135733,0.0493788201014999,3.10344827586207,0.0310344827586207
IRN,2015,4986,4931,38569,2618,41187,0.0635637458421346,0.0535765775318586,3.10344827586207,0.0310344827586207
IRN,2016,6934,6884,56025,3559,59584,0.0597308002148227,0.0530565586378115,5.88235294117647,0.0588235294117647
IRN,2017,4557,4507,38706,1995,40701,0.049015994693005,0.0457443853651537,5.88235294117647,0.0588235294117647
IRN,2018,2082,2051,15713,879,16592,0.0529773384763741,0.0451979335770565,5.88235294117647,0.0588235294117647
IRN,2019,2381,2332,17973,808,18781,0.0430222032905596,0.0407214829024847,5.88235294117647,0.0588235294117647
IRN,2020,9124,8943,38876,1493,40369,0.0369838242215561,0.0264629492842468,5.59440559440559,0.055944055944055895
IRN,2021,14489,13980,79315,3951,83266,0.0474503398746186,0.0386722986546792,5.59440559440559,0.055944055944055895
IRN,2022,16188,15804,114569,7695,122264,0.0629375777007132,0.0523738451426925,5.59440559440559,0.055944055944055895
IRN,2023,2046,2020,12494,785,13279,0.0591158972814217,0.0480567471388712,5.59440559440559,0.055944055944055895
IRN,2024,734,720,2901,119,3020,0.0394039735099337,0.035065730137668,4.82758620689655,0.048275862068965496
IRQ,2019,868,852,4183,493,4676,0.105431993156544,0.0949084216980276,25.2279635258359,0.252279635258359
IRQ,2020,1636,1512,7927,744,8671,0.0858032522200438,0.0852518111025132,26.4437689969605,0.264437689969605
IRQ,2021,1513,1469,7275,734,8009,0.0916468972406043,0.0877196547148674,28.8753799392097,0.288753799392097
IRQ,2022,894,863,3719,451,4170,0.1081534772182254,0.1048307831901136,28.8753799392097,0.288753799392097
IRQ,2023,10,8,28,10,38,0.2631578947368421,0.3413461538461538,29.0519877675841,0.29051987767584103
IRQ,2024,1335,1264,6989,715,7704,0.0928089304257528,0.0892169853663842,28.8753799392097,0.288753799392097
ISL,2018,69,47,211,55,266,0.206766917293233,0.2510594015913165,38.0952380952381,0.38095238095238104
ISL,2019,73,58,336,81,417,0.1942446043165467,0.1635321172072533,38.0952380952381,0.38095238095238104
ISL,2020,83,66,217,116,333,0.3483483483483483,0.5296943295782305,38.0952380952381,0.38095238095238104
ISL,2021,83,67,241,98,339,0.2890855457227139,0.2541811726952201,47.6190476190476,0.476190476190476
ISL,2022,98,76,336,129,465,0.2774193548387096,0.3603779251254295,47.6190476190476,0.476190476190476
ISL,2023,102,69,337,80,417,0.1918465227817745,0.2375003547351777,47.6190476190476,0.476190476190476
ISL,2024,74,56,374,80,454,0.1762114537444934,0.1798991100959256,46.031746031746,0.46031746031746
ISR,1994,1,0,0,0,0,,,7.5,0.075
ISR,2001,2,2,23,3,26,0.1153846153846153,0.1,13.3333333333333,0.133333333333333
ISR,2002,3,3,9,0,9,0.0,0.0,14.1666666666667,0.141666666666667
ISR,2005,9,6,18,0,18,0.0,0.0,15.0,0.15
ISR,2006,4,4,8,3,11,0.2727272727272727,0.375,14.1666666666667,0.141666666666667
ISR,2007,3,2,10,2,12,0.1666666666666666,0.1875,14.1666666666667,0.141666666666667
ISR,2008,17,8,18,8,26,0.3076923076923077,0.4236111111111111,14.1666666666667,0.141666666666667
ISR,2009,6,5,10,1,11,0.0909090909090909,0.2,18.3333333333333,0.18333333333333302
ISR,2011,4,3,15,1,16,0.0625,0.0476190476190476,20.0,0.2
ISR,2012,8,7,18,4,22,0.1818181818181818,0.1507936507936507,20.0,0.2
ISR,2013,13,13,79,14,93,0.1505376344086021,0.1065287653522947,22.5,0.225
ISR,2014,18,17,105,8,113,0.0707964601769911,0.0671482628138974,22.5,0.225
ISR,2015,12,11,32,3,35,0.0857142857142857,0.0675324675324675,26.6666666666667,0.266666666666667
ISR,2016,4,4,20,0,20,0.0,0.0,26.6666666666667,0.266666666666667
ISR,2017,4,4,17,2,19,0.1052631578947368,0.05,27.5,0.275
ISR,2018,253,236,854,91,945,0.0962962962962963,0.0634038706944988,27.5,0.275
ISR,2019,71,63,235,29,264,0.1098484848484848,0.061562049062049,23.3333333333333,0.233333333333333
ISR,2020,104,98,286,36,322,0.1118012422360248,0.0901077097505669,27.5,0.275
ISR,2021,267,252,940,129,1069,0.1206735266604303,0.0787658788204229,28.3333333333333,0.283333333333333
ISR,2022,307,258,1131,161,1292,0.1246130030959752,0.1008448088592447,23.3333333333333,0.233333333333333
ISR,2023,217,193,1028,156,1184,0.1317567567567567,0.0901443393698922,24.1666666666667,0.241666666666667
ISR,2024,56,46,223,27,250,0.108,0.0880206075538556,25.0,0.25
ITA,2013,1,0,0,0,0,,,31.4285714285714,0.314285714285714
ITA,2014,7,7,31,5,36,0.1388888888888889,0.1726190476190476,31.4285714285714,0.314285714285714
ITA,2015,9,7,12,6,18,0.3333333333333333,0.2857142857142857,30.952380952381,0.30952380952381
ITA,2016,5,5,55,12,67,0.1791044776119403,0.1326315789473684,30.952380952381,0.30952380952381
ITA,2017,49,47,206,26,232,0.1120689655172413,0.083599084130999,30.952380952381,0.30952380952381
ITA,2018,30,29,114,6,120,0.05,0.0316962730755834,35.7142857142857,0.357142857142857
ITA,2019,56,52,329,63,392,0.1607142857142857,0.1831674681825015,35.7142857142857,0.357142857142857
ITA,2020,21,15,57,9,66,0.1363636363636363,0.1353606237816764,35.7142857142857,0.357142857142857
ITA,2021,12,8,28,7,35,0.2,0.1422258297258297,35.7142857142857,0.357142857142857
ITA,2022,80,35,171,51,222,0.2297297297297297,0.3730150654299261,32.25,0.3225
ITA,2023,405,281,763,377,1140,0.3307017543859649,0.5953963740579707,32.25,0.3225
ITA,2024,343,232,794,369,1163,0.3172828890799656,0.5880213343085937,32.25,0.3225
JAM,2016,45,44,196,40,236,0.1694915254237288,0.1532096171802054,17.4603174603175,0.174603174603175
JAM,2017,136,127,749,153,902,0.1696230598669623,0.1691295471807282,17.4603174603175,0.174603174603175
JAM,2018,98,87,470,105,575,0.1826086956521739,0.14950684692064,17.4603174603175,0.174603174603175
JAM,2019,129,115,562,94,656,0.1432926829268292,0.151611335524379,17.4603174603175,0.174603174603175
JAM,2020,120,99,381,44,425,0.1035294117647058,0.1060759526668617,28.5714285714286,0.28571428571428603
JAM,2021,86,67,211,30,241,0.1244813278008298,0.1658805539402554,28.5714285714286,0.28571428571428603
JAM,2022,153,110,510,88,598,0.1471571906354515,0.1277950473794463,28.5714285714286,0.28571428571428603
JAM,2023,52,37,168,41,209,0.1961722488038277,0.1742360867360867,28.5714285714286,0.28571428571428603
JAM,2024,124,111,609,135,744,0.1814516129032258,0.172323244227269,27.4193548387097,0.27419354838709703
JOR,2021,28,20,90,15,105,0.1428571428571428,0.1574621212121212,11.5384615384615,0.11538461538461499
JOR,2022,27,17,89,10,99,0.101010101010101,0.1365546218487394,12.3076923076923,0.123076923076923
JOR,2023,52,41,121,28,149,0.1879194630872483,0.3073170731707317,12.3076923076923,0.123076923076923
JOR,2024,52,40,234,50,284,0.176056338028169,0.1792944677871148,19.5652173913043,0.19565217391304301
JPN,1998,1,1,1,0,1,0.0,0.0,4.6,0.046
JPN,2000,1,0,0,0,0,,,7.29166666666667,0.0729166666666667
JPN,2001,1,1,1,1,2,0.5,0.5,7.29166666666667,0.0729166666666667
JPN,2008,22,2,3,1,4,0.25,0.1666666666666666,9.375,0.09375
JPN,2009,9,2,11,0,11,0.0,0.0,11.25,0.1125
JPN,2010,4,0,0,0,0,,,11.25,0.1125
JPN,2011,1,0,0,0,0,,,10.8333333333333,0.108333333333333
JPN,2013,74,69,363,39,402,0.0970149253731343,0.0856517073908378,8.125,0.08125
JPN,2014,115,112,588,60,648,0.0925925925925925,0.1012189629639734,8.125,0.08125
JPN,2015,123,123,658,68,726,0.09366391184573,0.0953677566123764,9.47368421052632,0.0947368421052632
JPN,2016,194,191,1118,116,1234,0.0940032414910859,0.1089771159173279,9.47368421052632,0.0947368421052632
JPN,2017,317,314,1947,153,2100,0.0728571428571428,0.0755477134434609,10.1075268817204,0.101075268817204
JPN,2018,401,398,2115,189,2304,0.08203125,0.0668365407904823,10.1075268817204,0.101075268817204
JPN,2019,262,251,1227,116,1343,0.086373790022338,0.0775744743479069,10.1075268817204,0.101075268817204
JPN,2020,94,86,389,39,428,0.0911214953271028,0.0741409411382051,9.89247311827957,0.0989247311827957
JPN,2021,184,169,547,68,615,0.1105691056910569,0.0901557679664188,9.67741935483871,0.0967741935483871
JPN,2022,1315,1301,9383,1076,10459,0.102877904197342,0.1060171293981128,9.91379310344828,0.09913793103448279
JPN,2023,3772,3758,28152,4096,32248,0.1270156288762093,0.1239913999581311,10.3448275862069,0.103448275862069
JPN,2024,3313,3312,30288,4536,34824,0.1302549965541006,0.1314971593834229,15.6989247311828,0.156989247311828
KAZ,2012,17,17,162,19,181,0.1049723756906077,0.0801448407417265,24.2990654205607,0.242990654205607
KAZ,2013,31,31,230,33,263,0.1254752851711026,0.0720197365358655,24.2990654205607,0.242990654205607
KAZ,2014,296,295,2237,311,2548,0.1220565149136577,0.0681030282539735,25.2173913043478,0.25217391304347797
KAZ,2015,278,275,2734,525,3259,0.1610923596195151,0.1281874752443371,26.1682242990654,0.261682242990654
KAZ,2016,373,368,3287,416,3703,0.1123413448555225,0.092003721316083,27.1028037383178,0.271028037383178
KAZ,2017,498,485,4382,664,5046,0.1315893777249306,0.1060588709119925,27.1028037383178,0.271028037383178
KAZ,2018,690,677,6430,977,7407,0.1319022546240043,0.10157328159707,27.1028037383178,0.271028037383178
KAZ,2019,898,880,7306,1135,8441,0.1344627413813529,0.1159251462816989,27.1028037383178,0.271028037383178
KAZ,2020,553,516,4038,353,4391,0.0803917103165565,0.066602168809431,27.1028037383178,0.271028037383178
KAZ,2021,439,431,2084,153,2237,0.0683951721054984,0.0675104061039282,27.1028037383178,0.271028037383178
KAZ,2022,652,642,4197,556,4753,0.1169787502629918,0.1036654631023027,27.3584905660377,0.27358490566037696
KAZ,2023,673,664,4596,632,5228,0.1208875286916602,0.1191940525553446,18.3673469387755,0.183673469387755
KAZ,2024,427,412,3147,568,3715,0.1528936742934051,0.1423982447270962,19.3877551020408,0.193877551020408
KEN,2022,2,2,7,2,9,0.2222222222222222,0.1428571428571428,23.4285714285714,0.234285714285714
KEN,2023,1,1,10,7,17,0.4117647058823529,0.4117647058823529,23.2758620689655,0.23275862068965497
KEN,2024,158,155,1467,272,1739,0.156411730879816,0.1478202204780631,23.2758620689655,0.23275862068965497
KGZ,2018,60,60,285,61,346,0.176300578034682,0.1386759931245225,19.1666666666667,0.19166666666666698
KGZ,2019,4114,3841,22908,4753,27661,0.171830374896063,0.1515361650015142,19.1666666666667,0.19166666666666698
KGZ,2020,8003,6877,37157,5309,42466,0.1250176611877737,0.1119726484062342,16.5217391304348,0.16521739130434798
KGZ,2021,12463,11379,64964,11113,76077,0.1460756864755445,0.1276472985342481,20.4545454545455,0.204545454545455
KGZ,2022,11376,10509,64006,12696,76702,0.1655237151573622,0.144016361262839,20.4545454545455,0.204545454545455
KGZ,2023,7230,6673,38027,7677,45704,0.167972168737966,0.142533822014569,20.0,0.2
KGZ,2024,7173,6602,39224,7190,46414,0.154910156418322,0.1280331819891842,21.1111111111111,0.211111111111111
KHM,2016,118,118,650,44,694,0.063400576368876,0.0829469633058865,20.3252032520325,0.203252032520325
KHM,2017,3107,3021,25943,5188,31131,0.1666506055057659,0.1396135959272502,20.3252032520325,0.203252032520325
KHM,2018,4620,4505,37610,7347,44957,0.1634228262562003,0.1371647139258243,20.0,0.2
KHM,2019,5220,5154,42588,7130,49718,0.1434088257773844,0.1306379541930381,20.0,0.2
KHM,2020,2450,2357,19373,3591,22964,0.1563751959588921,0.142055269570539,20.0,0.2
KHM,2021,1539,1361,9550,1072,10622,0.1009226134437959,0.1055033057595409,21.6,0.21600000000000003
KHM,2022,5317,5158,43080,7001,50081,0.1397935344741518,0.1363491528668287,20.8,0.20800000000000002
KHM,2023,12215,10941,88800,21557,110357,0.195338764192575,0.1869326247948572,13.6,0.136
KHM,2024,7343,6696,46808,9601,56409,0.1702033363470368,0.1641476321226831,13.6,0.136
KNA,2021,1,0,0,0,0,,,25.0,0.25
KOR,2013,8,8,55,5,60,0.0833333333333333,0.0734126984126984,15.6666666666667,0.156666666666667
KOR,2014,1281,1167,7312,1184,8496,0.1393596986817326,0.1727800573793973,16.3333333333333,0.163333333333333
KOR,2015,1398,1277,7791,1458,9249,0.1576386636393123,0.1800646403037409,16.3333333333333,0.163333333333333
KOR,2016,1277,1167,6807,1320,8127,0.162421557770395,0.1686322775410319,17.0,0.17
KOR,2017,974,932,4736,720,5456,0.1319648093841642,0.1341217128970395,17.0,0.17
KOR,2018,1014,960,5056,1118,6174,0.1810819565921606,0.1954689909696903,17.0,0.17
KOR,2019,736,704,3561,722,4283,0.1685734298388979,0.1963308951497185,16.6666666666667,0.166666666666667
KOR,2020,516,465,1842,422,2264,0.1863957597173144,0.2846231145025212,19.0,0.19
KOR,2021,447,410,1843,336,2179,0.1541991739329967,0.1456632500721059,19.0,0.19
KOR,2022,368,339,1708,324,2032,0.1594488188976378,0.1449594436865344,18.6440677966102,0.186440677966102
KOR,2023,579,545,3203,670,3873,0.1729925122643945,0.1588106106423912,19.0635451505017,0.19063545150501698
KOR,2024,443,369,2227,471,2698,0.1745737583395107,0.1579497904617542,20.0,0.2
KWT,2023,190,189,949,168,1117,0.1504028648164727,0.1094678511931959,3.07692307692308,0.030769230769230802
KWT,2024,101,100,492,126,618,0.203883495145631,0.14485129913485,3.07692307692308,0.030769230769230802
LBR,2009,1,0,0,0,0,,,12.5,0.125
LBR,2011,14,9,16,8,24,0.3333333333333333,0.5333333333333333,9.58904109589041,0.0958904109589041
LBR,2012,30,24,18,14,32,0.4375,0.5,10.958904109589,0.10958904109589
LBR,2013,74,64,121,30,151,0.1986754966887417,0.3663060897435897,10.958904109589,0.10958904109589
LBR,2014,220,180,532,97,629,0.1542130365659777,0.298742209134366,10.958904109589,0.10958904109589
LBR,2015,227,200,370,125,495,0.2525252525252525,0.4427651931401931,10.958904109589,0.10958904109589
LBR,2016,260,222,418,159,577,0.2755632582322357,0.5086752336752337,10.958904109589,0.10958904109589
LBR,2017,222,189,411,123,534,0.2303370786516854,0.4265215971565178,9.85915492957746,0.0985915492957746
LBR,2018,202,179,534,39,573,0.0680628272251308,0.0401950702928356,12.3287671232877,0.123287671232877
LBR,2019,152,148,397,27,424,0.0636792452830188,0.0396347392670922,12.3287671232877,0.123287671232877
LBR,2020,114,112,229,19,248,0.0766129032258064,0.0546804138321995,12.3287671232877,0.123287671232877
LBR,2021,74,72,184,18,202,0.0891089108910891,0.042824074074074,10.958904109589,0.10958904109589
LBR,2022,10,10,15,3,18,0.1666666666666666,0.125,10.958904109589,0.10958904109589
LBR,2023,13,13,30,4,34,0.1176470588235294,0.1217948717948717,10.958904109589,0.10958904109589
LBR,2024,127,123,325,70,395,0.1772151898734177,0.1485724813388484,10.958904109589,0.10958904109589
LKA,2015,1,1,2,0,2,0.0,0.0,4.88888888888889,0.0488888888888889
LKA,2016,1,1,2,0,2,0.0,0.0,5.77777777777778,0.0577777777777778
LKA,2018,4,4,44,4,48,0.0833333333333333,0.0513392857142857,5.77777777777778,0.0577777777777778
LKA,2019,10,10,66,9,75,0.12,0.0819607843137254,5.33333333333333,0.0533333333333333
LKA,2020,16,15,70,15,85,0.1764705882352941,0.122064972064972,5.38116591928251,0.0538116591928251
LKA,2021,15,15,59,18,77,0.2337662337662337,0.2667480667480667,5.38116591928251,0.0538116591928251
LKA,2023,31,31,151,31,182,0.1703296703296703,0.1754425681845036,5.33333333333333,0.0533333333333333
LKA,2024,4,4,12,6,18,0.3333333333333333,0.5643939393939393,10.0,0.1
LSO,2023,63,55,302,73,375,0.1946666666666666,0.1668927816718416,26.4462809917355,0.264462809917355
LSO,2024,53,47,245,40,285,0.1403508771929824,0.1357623759219503,25.0,0.25
LTU,2020,16,11,19,14,33,0.4242424242424242,0.5174825174825175,26.9503546099291,0.269503546099291
LTU,2021,245,183,301,205,506,0.4051383399209486,0.6715836210291369,27.6595744680851,0.276595744680851
LTU,2022,220,169,585,239,824,0.2900485436893203,0.4281051435898286,28.3687943262411,0.28368794326241104
LTU,2023,164,134,396,207,603,0.3432835820895522,0.5150689286558852,28.3687943262411,0.28368794326241104
LTU,2024,166,143,455,223,678,0.3289085545722713,0.473799219608828,28.3687943262411,0.28368794326241104
LUX,2018,40,35,317,80,397,0.2015113350125944,0.1950738290654257,20.0,0.2
LUX,2019,64,61,707,170,877,0.193842645381984,0.1917055546623379,25.0,0.25
LUX,2020,40,38,275,16,291,0.0549828178694158,0.042488283018637,30.0,0.3
LUX,2021,2,2,2,2,4,0.5,0.5,35.0,0.35
LUX,2022,367,355,2273,499,2772,0.18001443001443,0.1753013837293421,33.3333333333333,0.333333333333333
LUX,2023,271,258,1431,249,1680,0.1482142857142857,0.1388773592760482,33.3333333333333,0.333333333333333
LUX,2024,580,570,3837,824,4661,0.1767860974039905,0.1869549472627768,33.3333333333333,0.333333333333333
LVA,2015,2,1,8,5,13,0.3846153846153846,0.3846153846153846,18.0,0.18
LVA,2016,102,86,576,59,635,0.0929133858267716,0.0928760221766377,18.0,0.18
LVA,2017,55,43,191,11,202,0.0544554455445544,0.0563120209324039,16.0,0.16
LVA,2018,76,60,305,56,361,0.1551246537396121,0.1290228971558895,31.0,0.31
LVA,2019,61,48,188,26,214,0.1214953271028037,0.1416441197691197,30.0,0.3
LVA,2020,507,419,1498,326,1824,0.1787280701754386,0.2343679257513957,30.0,0.3
LVA,2021,396,333,1050,214,1264,0.1693037974683544,0.2086232794045683,29.0,0.29
LVA,2022,354,309,1441,517,1958,0.2640449438202247,0.2442136591747667,30.0,0.3
LVA,2023,522,455,2214,865,3079,0.2809353686261773,0.2429233717113358,32.0,0.32
LVA,2024,731,602,2807,1177,3984,0.2954317269076305,0.3138758018166908,32.0,0.32
MAR,2020,637,519,1336,160,1496,0.106951871657754,0.1123733871566241,20.5063291139241,0.205063291139241
MAR,2021,420,369,867,95,962,0.0987525987525987,0.0655556841532451,22.7848101265823,0.227848101265823
MAR,2022,504,449,1290,157,1447,0.1085003455425017,0.0965096773602258,24.0506329113924,0.24050632911392397
MAR,2023,454,401,1114,147,1261,0.1165741475019825,0.0785636571796172,24.3037974683544,0.243037974683544
MAR,2024,306,278,714,100,814,0.1228501228501228,0.0904335882160124,24.3037974683544,0.243037974683544
MDA,2014,74,62,428,47,475,0.0989473684210526,0.0879297061173122,17.8217821782178,0.178217821782178
MDA,2015,666,653,2748,459,3207,0.1431244153414406,0.1417311330154649,21.7821782178218,0.21782178217821802
MDA,2016,1342,1336,6375,1087,7462,0.1456714017689627,0.1477756290128017,21.7821782178218,0.21782178217821802
MDA,2017,1700,1625,7820,1597,9417,0.1695869172772645,0.1630884307783041,22.7722772277228,0.227722772277228
MDA,2018,1772,1658,7685,1538,9223,0.1667570204922476,0.1792568328743669,22.7722772277228,0.227722772277228
MDA,2019,1285,1196,5532,1358,6890,0.1970972423802612,0.2026530407680293,25.7425742574257,0.257425742574257
MDA,2020,4736,4422,18095,2934,21029,0.1395216130106044,0.1362046920668287,24.7524752475248,0.247524752475248
MDA,2021,2797,2674,9734,2257,11991,0.1882245017096155,0.2179565780479637,39.6039603960396,0.39603960396039595
MDA,2022,6685,6274,27684,9518,37202,0.255846459867749,0.3144981008746776,40.5940594059406,0.40594059405940597
MDA,2023,3025,2841,13291,4172,17463,0.2389051136688999,0.255842824447861,38.6138613861386,0.38613861386138604
MDA,2024,3890,3535,17447,5326,22773,0.2338734466253897,0.2277667713551686,40.8163265306122,0.408163265306122
MDG,2021,11,6,42,10,52,0.1923076923076923,0.1486363636363636,17.8807947019868,0.17880794701986802
MDG,2022,174,149,1211,238,1449,0.1642512077294686,0.1719458357340939,18.5430463576159,0.185430463576159
MDG,2023,129,102,743,151,894,0.168903803131991,0.166759557833588,18.5430463576159,0.185430463576159
MDG,2024,154,139,730,246,976,0.2520491803278688,0.2385059289834446,15.9509202453988,0.159509202453988
MDV,2009,242,242,1225,121,1346,0.0898959881129271,0.0829193470368981,6.49350649350649,0.0649350649350649
MDV,2010,363,360,1851,231,2082,0.1109510086455331,0.1044308547465797,6.49350649350649,0.0649350649350649
MDV,2011,1009,996,5318,863,6181,0.1396214204821226,0.1142456069146391,6.49350649350649,0.0649350649350649
MDV,2012,1110,1100,5539,836,6375,0.1311372549019608,0.1128503792205868,6.49350649350649,0.0649350649350649
MDV,2013,857,845,3385,627,4012,0.1562811565304087,0.1339906907962489,6.49350649350649,0.0649350649350649
MDV,2014,890,884,3746,762,4508,0.1690328305235137,0.1631689790133502,5.88235294117647,0.0588235294117647
MDV,2015,657,631,2813,654,3467,0.1886357081049899,0.1717871641223348,5.88235294117647,0.0588235294117647
MDV,2016,605,555,2980,644,3624,0.1777041942604856,0.1503745466560112,5.88235294117647,0.0588235294117647
MDV,2017,667,625,3552,682,4234,0.161076995748701,0.1285611140531911,5.88235294117647,0.0588235294117647
MDV,2018,612,489,2876,601,3477,0.1728501581823411,0.1428687765591125,5.88235294117647,0.0588235294117647
MDV,2019,1713,1707,9727,1882,11609,0.1621155999655439,0.1424194643719691,4.59770114942529,0.0459770114942529
MDV,2020,575,575,2780,446,3226,0.1382517048977061,0.1193326700423986,4.59770114942529,0.0459770114942529
MDV,2021,1239,1238,5860,959,6819,0.1406364569584983,0.1371317654163625,4.59770114942529,0.0459770114942529
MDV,2022,1463,1460,7390,1503,8893,0.1690093331834026,0.1578476811517015,4.59770114942529,0.0459770114942529
MDV,2023,1296,1280,5719,1125,6844,0.1643775569842197,0.1503546806879021,4.59770114942529,0.0459770114942529
MDV,2024,2481,2301,9835,2273,12108,0.1877271225635943,0.1707413085519911,3.2258064516129,0.032258064516129
MEX,2015,45,5,29,4,33,0.1212121212121212,0.1238095238095238,42.3694779116466,0.42369477911646597
MEX,2016,12,3,27,6,33,0.1818181818181818,0.5357142857142857,42.4,0.424
MEX,2017,1117,481,2929,563,3492,0.161225658648339,0.1362169604652804,42.6,0.426
MEX,2018,885,327,2116,384,2500,0.1536,0.1426212803635843,48.2,0.48200000000000004
MEX,2019,2408,1712,9599,2084,11683,0.1783788410510998,0.1617350501686114,48.2,0.48200000000000004
MEX,2020,1026,663,3481,706,4187,0.1686171483162168,0.1485554690587751,48.2,0.48200000000000004
MEX,2021,3539,2701,13220,2701,15921,0.1696501476037937,0.1606161688479502,50.0,0.5
MEX,2022,3955,3202,17760,4284,22044,0.1943385955362003,0.1829498267403281,50.0,0.5
MEX,2023,3836,3010,16925,5636,22561,0.2498116218252737,0.2473636526155747,50.0,0.5
MEX,2024,2786,2142,11319,4923,16242,0.3031030661248615,0.3107542600163406,50.2,0.502
MKD,2019,1,1,4,0,4,0.0,0.0,39.1666666666667,0.391666666666667
MKD,2020,152,146,487,118,605,0.1950413223140495,0.1832404717768813,39.1666666666667,0.391666666666667
MKD,2021,334,328,1257,296,1553,0.1905988409529942,0.2091619686548611,41.6666666666667,0.416666666666667
MKD,2022,390,389,1998,545,2543,0.2143138025953598,0.2055408906306365,41.6666666666667,0.416666666666667
MKD,2023,379,375,1964,577,2541,0.2270759543486816,0.2088823694459123,42.5,0.425
MKD,2024,315,312,1204,306,1510,0.2026490066225165,0.1802689224108143,39.1666666666667,0.391666666666667
MNE,2012,3,1,1,2,3,0.6666666666666666,0.6666666666666666,17.2839506172839,0.172839506172839
MNE,2013,3,2,6,4,10,0.4,0.4166666666666666,16.0493827160494,0.160493827160494
MNE,2014,11,11,66,12,78,0.1538461538461538,0.17201047744526,17.2839506172839,0.172839506172839
MNE,2015,10,8,31,10,41,0.2439024390243902,0.3875,17.2839506172839,0.172839506172839
MNE,2016,33,32,189,44,233,0.1888412017167382,0.181094737574517,23.4567901234568,0.23456790123456797
MNE,2017,528,517,3087,811,3898,0.2080554130323242,0.2134995506162303,23.4567901234568,0.23456790123456797
MNE,2018,1138,1122,7400,1934,9334,0.2071994857510178,0.20323271781912,23.4567901234568,0.23456790123456797
MNE,2019,678,637,4114,1249,5363,0.2328920380384113,0.2628805055248246,28.3950617283951,0.283950617283951
MNE,2020,96,64,304,164,468,0.3504273504273504,0.3838782233042585,22.2222222222222,0.222222222222222
MNE,2021,643,571,2540,583,3123,0.1866794748639129,0.1972341198211162,24.6913580246914,0.246913580246914
MNE,2022,348,303,1650,403,2053,0.1962981003409644,0.1904289320052438,27.1604938271605,0.27160493827160503
MNE,2023,364,258,1782,409,2191,0.1866727521679598,0.1863041798122578,20.9876543209877,0.209876543209877
MNE,2024,802,613,3223,878,4101,0.2140941233845403,0.191103787658033,27.1604938271605,0.27160493827160503
MNG,2015,196,3,1,3,4,0.75,0.8333333333333334,14.4736842105263,0.144736842105263
MNG,2021,287,273,1044,223,1267,0.176006314127861,0.1698888070779337,17.1052631578947,0.171052631578947
MNG,2022,298,285,1263,386,1649,0.2340812613705276,0.2264788648540387,17.1052631578947,0.171052631578947
MNG,2023,421,408,2015,705,2720,0.2591911764705882,0.2274376565611655,17.1052631578947,0.171052631578947
MNG,2024,567,543,2655,861,3516,0.2448805460750853,0.2301533784990062,25.3968253968254,0.253968253968254
MOZ,2024,55,45,252,27,279,0.0967741935483871,0.0929970791735497,39.2,0.392
MRT,2019,2,2,3,0,3,0.0,0.0,20.2614379084967,0.202614379084967
MRT,2020,65,64,513,28,541,0.0517560073937153,0.0459457916900351,20.2614379084967,0.202614379084967
MRT,2021,196,190,1288,107,1395,0.0767025089605734,0.0862873456952404,20.2614379084967,0.202614379084967
MRT,2022,415,386,2524,295,2819,0.1046470379567222,0.1085943569789958,20.2614379084967,0.202614379084967
MRT,2023,383,339,2193,202,2395,0.0843423799582463,0.0842578143175419,23.2954545454545,0.232954545454545
MRT,2024,69,67,481,71,552,0.1286231884057971,0.117784998875868,23.2954545454545,0.232954545454545
MYS,2021,1,0,0,0,0,,,14.8648648648649,0.14864864864864902
MYS,2023,5,0,0,0,0,,,13.5135135135135,0.135135135135135
NER,2021,10,10,71,18,89,0.2022471910112359,0.2288636363636363,25.9036144578313,0.259036144578313
NER,2022,10,10,71,9,80,0.1125,0.1384523809523809,25.9036144578313,0.259036144578313
NER,2023,1,1,2,0,2,0.0,0.0,25.9036144578313,0.259036144578313
NER,2024,8,8,56,3,59,0.0508474576271186,0.0351307189542483,25.9036144578313,0.259036144578313
NGA,2022,84,78,296,56,352,0.1590909090909091,0.1237555514704836,3.61111111111111,0.0361111111111111
NGA,2023,196,195,847,183,1030,0.1776699029126213,0.1768245280263928,3.91061452513966,0.0391061452513966
NGA,2024,91,91,351,84,435,0.193103448275862,0.1332331785143679,3.91061452513966,0.0391061452513966
NLD,2011,8,7,29,1,30,0.0333333333333333,0.0714285714285714,40.6666666666667,0.406666666666667
NLD,2012,87,60,264,43,307,0.1400651465798045,0.1344574407074407,38.6666666666667,0.386666666666667
NLD,2013,74,59,204,56,260,0.2153846153846154,0.2444994741604911,38.6666666666667,0.386666666666667
NLD,2014,47,37,188,20,208,0.0961538461538461,0.1324000699000699,38.6666666666667,0.386666666666667
NLD,2015,84,53,166,32,198,0.1616161616161616,0.208775082359988,37.3333333333333,0.373333333333333
NLD,2016,28,21,91,15,106,0.1415094339622641,0.1442336763765335,37.3333333333333,0.373333333333333
NLD,2017,44,31,144,16,160,0.1,0.0763401473078892,36.0,0.36
NLD,2018,41,24,116,34,150,0.2266666666666666,0.2063492063492063,36.0,0.36
NLD,2019,99,87,469,246,715,0.344055944055944,0.3782089614239716,31.3333333333333,0.313333333333333
NLD,2020,98,81,201,70,271,0.2583025830258302,0.4638762351180651,33.3333333333333,0.333333333333333
NLD,2021,322,279,1244,359,1603,0.2239550842170929,0.2544048271989448,39.3333333333333,0.393333333333333
NLD,2022,397,311,1599,586,2185,0.2681922196796338,0.3155723603047227,40.6666666666667,0.406666666666667
NLD,2023,367,276,1131,326,1457,0.2237474262182567,0.3113412168515805,40.0,0.4
NLD,2024,57,45,182,98,280,0.35,0.3813701440172028,38.6666666666667,0.386666666666667
NOR,2021,22,21,78,12,90,0.1333333333333333,0.1609977324263038,44.9704142011834,0.449704142011834
NOR,2022,135,112,422,104,526,0.1977186311787072,0.2258047297866515,44.9704142011834,0.449704142011834
NOR,2023,166,141,648,136,784,0.173469387755102,0.1800624612708797,46.1538461538462,0.461538461538462
NOR,2024,155,144,597,156,753,0.2071713147410358,0.1787752559319574,44.3786982248521,0.44378698224852103
NPL,2016,17,7,31,1,32,0.03125,0.0357142857142857,29.5798319327731,0.295798319327731
NPL,2017,129,63,443,85,528,0.1609848484848484,0.1669838065922561,29.5798319327731,0.295798319327731
NPL,2018,16,2,3,1,4,0.25,0.25,32.7272727272727,0.327272727272727
NPL,2019,5,3,10,0,10,0.0,0.0,32.7272727272727,0.327272727272727
NPL,2020,3,1,2,0,2,0.0,0.0,32.7272727272727,0.327272727272727
NPL,2024,1,1,7,3,10,0.3,0.3,33.0882352941176,0.330882352941176
NZL,2002,1,1,1,1,2,0.5,0.5,29.1666666666667,0.291666666666667
NZL,2004,9,9,31,2,33,0.0606060606060606,0.1333333333333333,28.3333333333333,0.283333333333333
NZL,2005,6,5,20,4,24,0.1666666666666666,0.1666666666666666,32.2314049586777,0.322314049586777
NZL,2006,40,37,106,17,123,0.1382113821138211,0.1862934362934363,32.2314049586777,0.322314049586777
NZL,2007,69,59,203,47,250,0.188,0.1944530046224961,33.0578512396694,0.33057851239669395
NZL,2008,77,34,96,13,109,0.1192660550458715,0.0812643239113827,33.6065573770492,0.336065573770492
NZL,2009,17,10,49,3,52,0.0576923076923076,0.0388034188034188,33.6065573770492,0.336065573770492
NZL,2010,27,21,90,13,103,0.1262135922330097,0.1405488691202977,33.6065573770492,0.336065573770492
NZL,2011,11,7,18,5,23,0.217391304347826,0.129251700680272,32.2314049586777,0.322314049586777
NZL,2012,29,19,75,11,86,0.127906976744186,0.0976399331662489,32.2314049586777,0.322314049586777
NZL,2013,48,24,80,15,95,0.1578947368421052,0.1221230158730158,32.2314049586777,0.322314049586777
NZL,2014,40,21,43,11,54,0.2037037037037037,0.1801587301587301,29.7520661157025,0.297520661157025
NZL,2015,87,43,105,42,147,0.2857142857142857,0.3197212993724622,31.404958677686,0.31404958677686
NZL,2016,21,13,33,4,37,0.1081081081081081,0.1181318681318681,31.404958677686,0.31404958677686
NZL,2017,22,17,67,21,88,0.2386363636363636,0.2703135100193923,38.3333333333333,0.383333333333333
NZL,2018,13,9,50,6,56,0.1071428571428571,0.2629629629629629,38.3333333333333,0.383333333333333
NZL,2019,16,11,39,21,60,0.35,0.402950558213716,40.8333333333333,0.408333333333333
NZL,2020,4,2,5,5,10,0.5,0.6875,48.3333333333333,0.483333333333333
NZL,2021,1,1,0,1,1,1.0,1.0,49.1666666666667,0.491666666666667
NZL,2022,4,4,14,12,26,0.4615384615384615,0.6428571428571428,50.4201680672269,0.504201680672269
NZL,2023,2,2,9,4,13,0.3076923076923077,0.2916666666666666,44.2622950819672,0.442622950819672
NZL,2024,6,4,21,2,23,0.0869565217391304,0.0852272727272727,45.5284552845528,0.455284552845528
OMN,2020,12,6,15,2,17,0.1176470588235294,0.125,2.32558139534884,0.0232558139534884
OMN,2021,257,250,959,258,1217,0.2119967132292522,0.1610545332720255,2.32558139534884,0.0232558139534884
OMN,2022,491,482,2710,434,3144,0.1380407124681933,0.1297687660064802,2.32558139534884,0.0232558139534884
OMN,2023,1054,1025,5556,873,6429,0.1357909472701819,0.1160652900004255,0.0,0.0
OMN,2024,812,777,4562,866,5428,0.1595431098010316,0.1398678032956928,0.0,0.0
PAK,2023,4,4,8,1,9,0.1111111111111111,0.0833333333333333,20.4678362573099,0.20467836257309902
PAK,2024,7,7,74,6,80,0.075,0.0654761904761904,17.0418006430868,0.170418006430868
PAN,2010,193,185,1058,176,1234,0.1426256077795786,0.1287171640267615,8.45070422535211,0.0845070422535211
PAN,2011,434,363,1950,436,2386,0.1827326068734283,0.1519417841206726,8.45070422535211,0.0845070422535211
PAN,2012,719,690,3476,831,4307,0.1929417227768748,0.1820682401313462,8.45070422535211,0.0845070422535211
PAN,2013,699,633,3174,885,4059,0.2180339985218034,0.2097817727699678,8.45070422535211,0.0845070422535211
PAN,2014,644,582,2876,1029,3905,0.2635083226632522,0.2848236991279009,19.2982456140351,0.192982456140351
PAN,2015,726,667,3457,1443,4900,0.2944897959183673,0.3235286007515754,18.3098591549296,0.183098591549296
PAN,2016,993,873,4608,1683,6291,0.2675250357653791,0.3072745933566292,18.3098591549296,0.183098591549296
PAN,2017,846,733,4066,1775,5841,0.3038863208354734,0.3440243136180191,18.3098591549296,0.183098591549296
PAN,2018,751,720,3951,1995,5946,0.3355196770938446,0.3652837115325071,18.3098591549296,0.183098591549296
PAN,2019,798,782,4938,2372,7310,0.3244870041039672,0.3320991785727488,21.1267605633803,0.211267605633803
PAN,2020,1040,913,4405,2145,6550,0.3274809160305343,0.3226317739138322,22.5352112676056,0.225352112676056
PAN,2021,1290,1156,4952,2351,7303,0.3219224976037245,0.4199839719757562,22.5352112676056,0.225352112676056
PAN,2022,2247,2026,9025,4981,14006,0.3556333000142796,0.4125025754844634,22.5352112676056,0.225352112676056
PAN,2023,3401,3195,15553,8515,24068,0.3537892637527007,0.3818332675786891,22.5352112676056,0.225352112676056
PAN,2024,3013,2875,14889,7762,22651,0.3426780274601563,0.3387733045548613,21.4285714285714,0.214285714285714
PER,2017,1,0,0,0,0,,,27.6923076923077,0.276923076923077
PER,2018,1475,1298,8725,3111,11836,0.2628421764109496,0.2605309610318658,27.6923076923077,0.276923076923077
PER,2019,2367,2159,13628,5125,18753,0.2732896069962139,0.2641733749252823,30.0,0.3
PER,2020,775,480,2733,842,3575,0.2355244755244755,0.2169253365239029,26.1538461538462,0.261538461538462
PER,2021,1919,1454,7198,1749,8947,0.1954845199508215,0.1888711797811245,40.0,0.4
PER,2022,5077,4559,24255,8421,32676,0.2577120822622108,0.263303854843229,40.0,0.4
PER,2023,9658,8865,51004,20053,71057,0.2822100567150316,0.2902365133813291,38.7596899224806,0.38759689922480595
PER,2024,13409,12600,69522,29115,98637,0.2951732108640774,0.2996705974426678,38.4615384615385,0.384615384615385
PHL,1950,1,1,4,6,10,0.6,0.6,,
PHL,2000,1,1,3,0,3,0.0,0.0,11.2612612612613,0.112612612612613
PHL,2002,3,3,16,2,18,0.1111111111111111,0.0846560846560846,17.7570093457944,0.177570093457944
PHL,2013,482,471,5197,1716,6913,0.2482279762765803,0.2503648724866274,27.3356401384083,0.273356401384083
PHL,2014,1162,1123,12796,4376,17172,0.2548334498020033,0.2645530038011304,27.3356401384083,0.273356401384083
PHL,2015,756,734,7862,2814,10676,0.263581865867366,0.2589780654717016,27.2413793103448,0.272413793103448
PHL,2016,1132,1097,11453,4839,16292,0.2970169408298551,0.2750187298817597,29.7945205479452,0.297945205479452
PHL,2017,1438,1400,10012,4000,14012,0.2854695974878675,0.2714654993968748,29.4520547945205,0.294520547945205
PHL,2018,2278,2223,15004,6146,21150,0.2905910165484633,0.2717534014144319,29.4520547945205,0.294520547945205
PHL,2019,2405,2307,15875,7118,22993,0.3095724785804375,0.2991295895336092,27.9605263157895,0.279605263157895
PHL,2020,1651,1478,8400,3039,11439,0.2656700760555993,0.2279716956376078,27.9605263157895,0.279605263157895
PHL,2021,1214,947,4342,1108,5450,0.2033027522935779,0.1420432489298282,27.9605263157895,0.279605263157895
PHL,2022,1300,1155,7564,2422,9986,0.2425395553775285,0.222653837984971,27.3311897106109,0.273311897106109
PHL,2023,2096,2002,13480,4791,18271,0.2622188167040665,0.2433525359019721,27.3311897106109,0.273311897106109
PHL,2024,1677,1624,9338,2415,11753,0.2054794520547945,0.184053916727286,27.3311897106109,0.273311897106109
POL,2001,1,1,2,0,2,0.0,0.0,20.2173913043478,0.20217391304347798
POL,2018,7,7,27,10,37,0.2702702702702703,0.1345238095238095,28.0434782608696,0.280434782608696
POL,2019,297,281,1875,383,2258,0.1696191319751993,0.1295401348238371,28.695652173913,0.28695652173913
POL,2020,546,504,2103,228,2331,0.0978120978120978,0.0832372398934214,28.695652173913,0.28695652173913
POL,2021,1848,1760,8537,1368,9905,0.1381120646138314,0.1066135340772691,28.322440087146,0.28322440087146
POL,2022,2497,2432,13970,2702,16672,0.1620681381957773,0.1367189559276521,28.2608695652174,0.282608695652174
POL,2023,1552,1512,9352,2009,11361,0.1768330252618607,0.1429654470500679,29.3478260869565,0.29347826086956497
POL,2024,1283,1264,7223,1897,9120,0.2080043859649122,0.1808742855182253,29.5652173913043,0.295652173913043
PRK,2017,722,544,2917,209,3126,0.0668586052463211,0.0638896256724998,16.3027656477438,0.163027656477438
PRK,2018,1565,1287,7255,927,8182,0.1132974822781716,0.1067060887278724,16.3027656477438,0.163027656477438
PRK,2019,619,554,2967,409,3376,0.121149289099526,0.1151814691525882,17.6128093158661,0.17612809315866101
PRT,2016,4,4,12,1,13,0.0769230769230769,0.03125,34.7826086956522,0.347826086956522
PRT,2017,5,5,13,0,13,0.0,0.0,34.7826086956522,0.347826086956522
PRT,2021,137,133,559,76,635,0.1196850393700787,0.1259910730333109,40.0,0.4
PRT,2022,190,174,903,197,1100,0.179090909090909,0.2245423301812754,36.9565217391304,0.369565217391304
PRT,2023,195,167,966,209,1175,0.1778723404255319,0.1777105937848049,36.0869565217391,0.360869565217391
PRT,2024,134,118,672,136,808,0.1683168316831683,0.1470980187745652,32.6086956521739,0.326086956521739
PRY,2019,283,256,1503,556,2059,0.270033997085964,0.2692071545827401,15.0,0.15
PRY,2020,635,544,2474,552,3026,0.1824190350297422,0.1906820898324039,16.25,0.1625
PRY,2021,135,121,631,173,804,0.2151741293532338,0.1993406641191483,16.25,0.1625
PRY,2022,594,552,3159,1137,4296,0.2646648044692737,0.2611267666554728,17.5,0.175
PRY,2023,103,97,559,181,740,0.2445945945945946,0.2353804784596173,22.5,0.225
PSE,2019,115,115,358,37,395,0.0936708860759493,0.0689281732759993,,
PSE,2020,4,3,4,0,4,0.0,0.0,,
PSE,2021,5,5,6,0,6,0.0,0.0,,
PSE,2022,3,3,4,0,4,0.0,0.0,,
PSE,2023,14,11,77,11,88,0.125,0.1127715718624809,,
PSE,2024,80,39,137,49,186,0.2634408602150537,0.3293373293373293,,
QAT,2012,1,1,2,0,2,0.0,0.0,0.0,0.0
QAT,2013,1,1,1,0,1,0.0,0.0,0.0,0.0
QAT,2014,54,51,134,17,151,0.1125827814569536,0.1281629318394024,0.0,0.0
QAT,2015,147,127,246,32,278,0.1151079136690647,0.1162948381452318,0.0,0.0
QAT,2016,116,92,292,45,337,0.1335311572700296,0.14173685613903,0.0,0.0
QAT,2017,567,544,1722,285,2007,0.1420029895366218,0.1100180238378806,9.75609756097561,0.0975609756097561
QAT,2018,711,686,2346,382,2728,0.1400293255131964,0.1334245081386043,9.75609756097561,0.0975609756097561
QAT,2019,789,764,2860,509,3369,0.1510834075393291,0.1373070755765611,9.75609756097561,0.0975609756097561
QAT,2020,610,586,2058,409,2467,0.1657884069720308,0.1672155312790543,9.75609756097561,0.0975609756097561
QAT,2021,1044,1024,3139,666,3805,0.1750328515111695,0.1685213066627993,4.44444444444444,0.044444444444444405
QAT,2022,1111,1104,4493,908,5401,0.1681170153675245,0.1901009814541319,4.44444444444444,0.044444444444444405
QAT,2023,1345,1324,4927,1199,6126,0.1957231472412667,0.1961164206980645,4.44444444444444,0.044444444444444405
QAT,2024,1238,1214,4908,1384,6292,0.2199618563254927,0.2441711194117172,4.44444444444444,0.044444444444444405
ROU,2012,365,362,1591,123,1714,0.0717619603267211,0.0547330339558971,13.3495145631068,0.13349514563106799
ROU,2013,1265,1238,6696,713,7409,0.0962343096234309,0.0748556005660431,13.3495145631068,0.13349514563106799
ROU,2014,2594,2580,14828,1894,16722,0.1132639636407128,0.0947930671050136,13.5135135135135,0.135135135135135
ROU,2015,1410,1393,7073,906,7979,0.1135480636671262,0.106197642227054,13.715710723192,0.13715710723192
ROU,2016,336,249,1271,183,1454,0.1258596973865199,0.1105057507786069,13.715710723192,0.13715710723192
ROU,2017,245,167,964,98,1062,0.0922787193973634,0.0782105452764135,20.6686930091185,0.206686930091185
ROU,2018,314,254,1040,328,1368,0.239766081871345,0.3430952881178071,20.6686930091185,0.206686930091185
ROU,2019,279,217,1076,256,1332,0.1921921921921922,0.2871907063211938,21.8844984802432,0.21884498480243197
ROU,2020,358,298,1313,106,1419,0.0747004933051444,0.0659151810158521,21.8844984802432,0.21884498480243197
ROU,2021,269,230,781,78,859,0.0908032596041909,0.0636226784724227,18.5410334346505,0.185410334346505
ROU,2022,574,465,2502,285,2787,0.1022604951560818,0.0911566388843428,19.0909090909091,0.190909090909091
ROU,2023,410,336,1787,267,2054,0.1299902629016553,0.1140359305143969,19.0909090909091,0.190909090909091
ROU,2024,422,306,1620,310,1930,0.160621761658031,0.1418364613873932,19.2073170731707,0.192073170731707
RUS,1999,9,9,26,1,27,0.037037037037037,0.037037037037037,10.2222222222222,0.102222222222222
RUS,2000,767,764,4588,230,4818,0.0477376504773765,0.0393037643028018,7.70975056689342,0.0770975056689342
RUS,2001,716,714,4105,172,4277,0.0402151040448912,0.0360296180952384,7.57238307349666,0.0757238307349666
RUS,2002,712,711,3644,200,3844,0.0520291363163371,0.0379825686663611,7.57238307349666,0.0757238307349666
RUS,2003,959,952,4864,342,5206,0.0656934306569343,0.0468720599162539,7.57238307349666,0.0757238307349666
RUS,2004,725,723,3563,224,3787,0.0591497227356746,0.0385249868574958,9.84340044742729,0.0984340044742729
RUS,2005,667,664,3391,202,3593,0.0562204286111884,0.0462423189326807,9.84340044742729,0.0984340044742729
RUS,2006,625,623,3273,166,3439,0.0482698458854318,0.0472358392935441,9.84340044742729,0.0984340044742729
RUS,2007,772,769,4239,307,4546,0.0675318961724593,0.0588527309402395,14.0,0.14
RUS,2008,947,946,4576,276,4852,0.0568837592745259,0.0517184169719449,14.0,0.14
RUS,2009,1180,1176,5921,446,6367,0.0700486885503376,0.0553888429413373,14.0,0.14
RUS,2010,2118,2109,11638,1040,12678,0.0820318662249566,0.0706654328689536,14.0,0.14
RUS,2011,2146,2138,11443,1387,12830,0.1081060015588464,0.083574640027776,13.5555555555556,0.13555555555555598
RUS,2012,1979,1961,10925,942,11867,0.0793797927024521,0.0732360431347509,13.5555555555556,0.13555555555555598
RUS,2013,2773,2722,14921,1360,16281,0.0835329525213438,0.0673871112128322,13.5555555555556,0.13555555555555598
RUS,2014,2857,2818,17044,1900,18944,0.1002956081081081,0.0849659464181876,13.5555555555556,0.13555555555555598
RUS,2015,2562,2529,14729,1701,16430,0.1035301278149726,0.0814326295713579,13.5555555555556,0.13555555555555598
RUS,2016,2672,2644,15570,1456,17026,0.0855162692352872,0.0734269330786939,12.6666666666667,0.126666666666667
RUS,2017,3744,3711,22348,2649,24997,0.1059727167260071,0.0861096559920853,15.7777777777778,0.157777777777778
RUS,2018,3908,3834,24077,3022,27099,0.1115170301487139,0.093724708015668,15.7777777777778,0.157777777777778
RUS,2019,4129,4058,24907,2853,27760,0.1027737752161383,0.0922744887999497,15.7777777777778,0.157777777777778
RUS,2020,1577,1513,6774,878,7652,0.1147412441191845,0.0783320582700827,15.7777777777778,0.157777777777778
RUS,2021,1647,1596,6035,760,6795,0.1118469462840323,0.078370258421113,16.2222222222222,0.162222222222222
RUS,2022,1798,1766,6547,867,7414,0.1169409225789047,0.0803507773687963,16.2222222222222,0.162222222222222
RUS,2023,3126,3086,13649,1541,15190,0.1014483212639894,0.0757380845199988,16.4444444444445,0.164444444444445
RUS,2024,3840,3787,18777,2313,21090,0.1096728307254623,0.0851851988172783,16.4444444444444,0.164444444444444
RWA,2017,47,46,338,52,390,0.1333333333333333,0.1237382662094938,61.25,0.6125
RWA,2018,35,35,262,47,309,0.1521035598705501,0.1354032475461047,61.25,0.6125
RWA,2019,128,127,1243,126,1369,0.0920379839298758,0.096720255443465,61.25,0.6125
RWA,2020,39,38,194,16,210,0.0761904761904762,0.0579061289587605,61.25,0.6125
RWA,2021,141,91,318,36,354,0.1016949152542373,0.0824027163312877,61.25,0.6125
RWA,2022,179,168,864,152,1016,0.1496062992125984,0.1376010666555502,61.25,0.6125
RWA,2023,151,132,766,110,876,0.1255707762557077,0.1165870995346086,61.25,0.6125
RWA,2024,82,81,424,79,503,0.1570576540755467,0.0977298170504972,63.75,0.6375
SAU,2023,11,11,62,3,65,0.0461538461538461,0.0612373737373737,19.8675496688742,0.19867549668874201
SAU,2024,18,18,108,17,125,0.136,0.1262125220458553,19.8675496688742,0.19867549668874201
SGP,2007,2,2,4,2,6,0.3333333333333333,0.25,24.468085106383,0.24468085106383
SGP,2008,5,5,16,5,21,0.238095238095238,0.1416666666666666,24.468085106383,0.24468085106383
SGP,2009,19,18,84,7,91,0.0769230769230769,0.0957491582491582,23.4042553191489,0.23404255319148898
SGP,2010,5,5,13,1,14,0.0714285714285714,0.04,23.4042553191489,0.23404255319148898
SGP,2011,53,46,189,24,213,0.1126760563380281,0.1006715506715506,22.2222222222222,0.222222222222222
SGP,2012,128,126,499,68,567,0.1199294532627865,0.0960180770278085,24.2424242424242,0.242424242424242
SGP,2013,171,152,533,65,598,0.108695652173913,0.1000889096283833,24.2424242424242,0.242424242424242
SGP,2014,126,126,435,40,475,0.0842105263157894,0.062186343068696,25.2525252525253,0.252525252525253
SGP,2015,179,178,698,89,787,0.1130876747141041,0.0899351969907158,23.9130434782609,0.23913043478260898
SGP,2016,253,251,911,126,1037,0.1215043394406943,0.104834640790816,23.7623762376238,0.237623762376238
SGP,2017,241,240,1068,164,1232,0.1331168831168831,0.1121269907124329,23.0,0.23
SGP,2018,278,274,1284,209,1493,0.1399866041527126,0.137336241646283,23.0,0.23
SGP,2019,334,333,1465,290,1755,0.1652421652421652,0.1625816866524492,23.0,0.23
SGP,2020,118,115,423,82,505,0.1623762376237623,0.1567185712837886,29.4736842105263,0.294736842105263
SGP,2021,318,307,832,171,1003,0.1704885343968095,0.1896768509002653,29.8076923076923,0.298076923076923
SGP,2022,436,434,1753,420,2173,0.1932811780947998,0.1842327963644669,29.126213592233,0.29126213592233
SGP,2023,433,427,2031,459,2490,0.1843373493975903,0.1872974294010218,29.126213592233,0.29126213592233
SGP,2024,266,266,1232,295,1527,0.1931892599869024,0.1673103052700459,29.2929292929293,0.29292929292929304
SLE,2022,79,74,603,89,692,0.1286127167630057,0.1343249501337736,12.3287671232877,0.123287671232877
SLE,2023,280,276,1932,402,2334,0.1722365038560411,0.1559926862725786,28.1879194630873,0.281879194630873
SLE,2024,363,361,2208,507,2715,0.1867403314917127,0.1644525574539307,29.5302013422819,0.295302013422819
SLV,2019,90,90,523,180,703,0.2560455192034139,0.2583780932266259,30.952380952381,0.30952380952381
SLV,2020,53,52,250,115,365,0.3150684931506849,0.3666007763603917,33.3333333333333,0.333333333333333
SLV,2021,2732,2509,9123,4583,13706,0.3343791040420253,0.3855600233999147,27.3809523809524,0.273809523809524
SLV,2022,5748,5404,24255,13290,37545,0.3539752297243308,0.4172819842078079,27.3809523809524,0.273809523809524
SLV,2023,7416,6980,33769,20042,53811,0.3724517292003493,0.4151108451906992,27.3809523809524,0.273809523809524
SLV,2024,6026,5598,26198,15592,41790,0.3731036133046183,0.4032593092811359,31.6666666666667,0.316666666666667
SOM,2015,1,0,0,0,0,,,13.8181818181818,0.13818181818181802
SOM,2024,881,845,4565,561,5126,0.1094420600858369,0.1157240624760364,19.6363636363636,0.19636363636363602
SRB,2004,313,306,1307,57,1364,0.0417888563049853,0.0276524310838036,12.0,0.12
SRB,2005,387,374,1923,102,2025,0.0503703703703703,0.0345595692186601,12.0,0.12
SRB,2006,402,391,1896,118,2014,0.0585898709036742,0.0457232203715579,12.0,0.12
SRB,2007,282,277,1372,136,1508,0.0901856763925729,0.0695811738814499,20.4,0.204
SRB,2008,245,235,685,57,742,0.0768194070080862,0.0330150658686328,21.6,0.21600000000000003
SRB,2009,315,309,1252,143,1395,0.1025089605734767,0.0666254233001805,21.6,0.21600000000000003
SRB,2010,328,318,1218,106,1324,0.080060422960725,0.0485875461735617,21.6,0.21600000000000003
SRB,2011,304,297,1009,122,1131,0.1078691423519009,0.0617806996594875,22.0,0.22
SRB,2012,435,422,1461,127,1588,0.0799748110831234,0.0578463466496641,33.2,0.332
SRB,2013,775,763,2956,329,3285,0.100152207001522,0.0710405164329201,33.2,0.332
SRB,2014,751,721,2840,270,3110,0.0868167202572347,0.0649678353855451,34.0,0.34
SRB,2015,1072,1045,3872,513,4385,0.1169897377423033,0.0778532247375478,34.0,0.34
SRB,2016,1078,1055,3917,545,4462,0.1221425369789332,0.0857222931280566,34.0,0.34
SRB,2017,951,930,3423,546,3969,0.1375661375661375,0.1422388137022861,34.4,0.344
SRB,2018,1020,998,4249,882,5131,0.1718963165075034,0.1886928988364056,34.4,0.344
SRB,2019,800,791,4596,1074,5670,0.1894179894179894,0.1744282327284112,37.6518218623482,0.376518218623482
SRB,2020,453,443,2523,481,3004,0.1601198402130492,0.132484525147863,38.8,0.38799999999999996
SRB,2021,1361,1309,7238,1371,8609,0.1592519456382855,0.1454533038318087,39.2,0.392
SRB,2022,1771,1737,8964,1945,10909,0.178293152442937,0.1474163080247507,36.5546218487395,0.365546218487395
SRB,2023,1605,1554,8726,2195,10921,0.2009889204285322,0.1809277628533849,34.8,0.348
SRB,2024,709,679,3845,1118,4963,0.2252669756195849,0.2158292063051274,38.0,0.38
SUR,2020,102,69,373,116,489,0.2372188139059304,0.2572120025495312,29.4117647058824,0.29411764705882404
SUR,2021,1220,797,4017,812,4829,0.1681507558500724,0.174836016086593,29.4117647058824,0.29411764705882404
SUR,2022,3700,3069,18132,3562,21694,0.1641928643864663,0.1715385170458173,29.4117647058824,0.29411764705882404
SUR,2023,4893,4069,25127,7189,32316,0.2224594628048025,0.2345096884804129,29.4117647058824,0.29411764705882404
SUR,2024,4425,3935,23882,6953,30835,0.2254905140262688,0.2437162841340655,31.3725490196078,0.313725490196078
SVK,1970,2,2,7,3,10,0.3,0.1875,,
SVK,2009,18,15,59,7,66,0.106060606060606,0.1174074074074074,18.0,0.18
SVK,2010,98,89,339,71,410,0.173170731707317,0.1956557175658299,15.3333333333333,0.153333333333333
SVK,2011,70,48,374,35,409,0.0855745721271393,0.0795569531231295,16.0,0.16
SVK,2012,243,228,850,152,1002,0.1516966067864271,0.1031681740301114,18.6666666666667,0.186666666666667
SVK,2013,558,527,2243,316,2559,0.1234857366158655,0.0988535993187387,18.6666666666667,0.186666666666667
SVK,2014,545,522,2961,479,3440,0.1392441860465116,0.1194221384309101,18.6666666666667,0.186666666666667
SVK,2015,418,405,2481,380,2861,0.1328206920657113,0.1105148052111079,18.6666666666667,0.186666666666667
SVK,2016,364,352,2140,424,2564,0.1653666146645865,0.14603928243641,20.0,0.2
SVK,2017,183,178,901,165,1066,0.1547842401500938,0.1495165039581224,20.0,0.2
SVK,2018,58,52,266,49,315,0.1555555555555555,0.0968407667324076,20.0,0.2
SVK,2019,10,6,35,4,39,0.1025641025641025,0.0746779388083735,20.0,0.2
SVK,2020,20,13,58,7,65,0.1076923076923077,0.113251454427925,22.6666666666667,0.226666666666667
SVK,2021,21,16,34,12,46,0.2608695652173913,0.2420454545454545,22.6666666666667,0.226666666666667
SVK,2022,12,8,28,9,37,0.2432432432432432,0.1678685897435897,21.3333333333333,0.21333333333333301
SVK,2023,15,9,28,7,35,0.2,0.1067538126361655,22.0,0.22
SVK,2024,213,207,1134,191,1325,0.1441509433962264,0.1323817199652888,22.6666666666667,0.226666666666667
SVN,2019,303,272,1594,403,1997,0.2018027040560841,0.2094879071902446,27.7777777777778,0.277777777777778
SVN,2020,622,564,1983,347,2330,0.1489270386266094,0.1543528463852746,27.7777777777778,0.277777777777778
SVN,2021,1104,1039,3683,713,4396,0.1621929026387625,0.1623895835631022,26.6666666666667,0.266666666666667
SVN,2022,795,731,3405,1032,4437,0.2325895875591616,0.2394351735417624,40.0,0.4
SVN,2023,814,755,3817,1422,5239,0.2714258446268371,0.2888652807177416,37.7777777777778,0.377777777777778
SVN,2024,776,719,3274,1251,4525,0.2764640883977901,0.3085717662521189,37.7777777777778,0.377777777777778
SWE,2014,1,1,4,1,5,0.2,0.2,44.6991404011461,0.44699140401146104
SWE,2015,15,12,46,9,55,0.1636363636363636,0.1595238095238095,43.5530085959885,0.435530085959885
SWE,2016,13,6,19,5,24,0.2083333333333333,0.2722222222222222,43.5530085959885,0.435530085959885
SWE,2017,10,6,36,9,45,0.2,0.2805555555555555,43.5530085959885,0.435530085959885
SWE,2018,24,12,66,33,99,0.3333333333333333,0.4394493177387914,46.1318051575931,0.461318051575931
SWE,2019,4,2,4,3,7,0.4285714285714285,0.45,47.2779369627507,0.472779369627507
SWE,2020,2,1,2,6,8,0.75,0.75,46.9914040114613,0.46991404011461296
SWE,2021,2,1,1,1,2,0.5,0.5,46.9914040114613,0.46991404011461296
SWE,2022,3,1,3,0,3,0.0,0.0,46.4183381088825,0.464183381088825
SWE,2023,16,14,71,20,91,0.2197802197802197,0.1458333333333333,46.4183381088825,0.464183381088825
SWE,2024,39,37,203,35,238,0.1470588235294117,0.2113905613905614,46.7048710601719,0.467048710601719
SYC,2010,104,103,357,44,401,0.1097256857855361,0.1046933648875396,23.5294117647059,0.235294117647059
SYC,2011,133,128,568,74,642,0.1152647975077881,0.070929385284854,43.75,0.4375
SYC,2012,197,187,850,99,949,0.1043203371970495,0.081943052555501,43.75,0.4375
SYC,2013,190,185,572,114,686,0.1661807580174927,0.1089494364494364,43.75,0.4375
SYC,2014,160,160,658,84,742,0.1132075471698113,0.0994761947611212,43.75,0.4375
SYC,2015,172,172,734,127,861,0.1475029036004645,0.1169442822529347,43.75,0.4375
SYC,2016,157,156,637,138,775,0.1780645161290322,0.2491356152183134,21.2121212121212,0.21212121212121202
SYC,2017,387,325,1180,290,1470,0.1972789115646258,0.3046928333104803,21.2121212121212,0.21212121212121202
SYC,2018,372,270,1359,241,1600,0.150625,0.1458467785187397,21.2121212121212,0.21212121212121202
SYC,2019,351,303,1616,342,1958,0.1746680286006128,0.1540796267392533,21.2121212121212,0.21212121212121202
SYC,2020,197,193,1224,196,1420,0.1380281690140845,0.1242344981527114,24.2424242424242,0.242424242424242
SYC,2021,225,223,925,145,1070,0.1355140186915887,0.1207198973077993,22.8571428571429,0.228571428571429
SYC,2022,217,214,1280,197,1477,0.1333784698713608,0.1179122725014409,22.8571428571429,0.228571428571429
SYC,2023,161,153,711,127,838,0.1515513126491647,0.1801573586608188,22.8571428571429,0.228571428571429
SYC,2024,177,169,967,228,1195,0.1907949790794979,0.1718071556824373,20.5882352941176,0.205882352941176
SYR,2013,4,2,2,0,2,0.0,0.0,12.0,0.12
SYR,2014,3,1,9,1,10,0.1,0.1,12.0,0.12
SYR,2015,56,53,297,26,323,0.0804953560371517,0.0585932750194681,12.4,0.124
SYR,2016,71,71,416,26,442,0.0588235294117647,0.0424348596262432,13.2,0.132
SYR,2017,71,71,414,13,427,0.0304449648711943,0.021371117145765,13.2,0.132
SYR,2018,3316,2413,14519,2194,16713,0.1312750553461377,0.1385934859325253,13.2,0.132
SYR,2019,6447,4410,24737,4017,28754,0.1397023022883772,0.1430044903025689,13.2,0.132
SYR,2020,6832,4115,20549,3020,23569,0.1281344138486995,0.1381090468781932,11.2,0.11199999999999999
SYR,2021,6743,4473,24263,3501,27764,0.1260985448782596,0.142743649790018,11.2,0.11199999999999999
SYR,2022,5940,4368,21836,2905,24741,0.1174164342589224,0.1310365899687945,11.2,0.11199999999999999
SYR,2023,4997,3773,19542,2779,22321,0.1245015904305362,0.132101585593311,10.8,0.10800000000000001
SYR,2024,4095,3070,15908,2186,18094,0.1208135293467447,0.1292258760676459,9.6,0.096
TGO,2024,12,12,144,13,157,0.0828025477707006,0.1094279817190033,18.5840707964602,0.185840707964602
TJK,2005,1,1,1,0,1,0.0,0.0,17.4603174603175,0.174603174603175
TJK,2006,1,1,1,0,1,0.0,0.0,17.4603174603175,0.174603174603175
TJK,2007,3,3,3,0,3,0.0,0.0,17.4603174603175,0.174603174603175
TJK,2008,3,3,7,0,7,0.0,0.0,17.4603174603175,0.174603174603175
TJK,2009,3,3,4,0,4,0.0,0.0,17.4603174603175,0.174603174603175
TJK,2010,4,4,8,0,8,0.0,0.0,19.047619047619,0.19047619047619002
TJK,2011,4,4,4,0,4,0.0,0.0,19.047619047619,0.19047619047619002
TJK,2012,926,925,6600,694,7294,0.0951466959144502,0.0792187036673508,19.047619047619,0.19047619047619002
TJK,2013,2936,2890,22682,2507,25189,0.0995275715590138,0.088451607937161,19.047619047619,0.19047619047619002
TJK,2014,2657,2593,18534,2079,20613,0.1008586814146412,0.0854931157169509,16.9491525423729,0.169491525423729
TJK,2015,3247,3147,22717,2888,25605,0.1127904706112087,0.0968181280152934,19.047619047619,0.19047619047619002
TJK,2016,3644,3405,25662,4179,29841,0.1400422237860661,0.1189626193560421,19.047619047619,0.19047619047619002
TJK,2017,2507,2435,16281,2056,18337,0.1121230299394666,0.0841366700939895,19.047619047619,0.19047619047619002
TJK,2018,2917,2699,19071,2218,21289,0.1041852599934238,0.0769704863904909,19.047619047619,0.19047619047619002
TJK,2019,3867,3652,24273,3853,28126,0.1369906847756524,0.1031990090176819,19.047619047619,0.19047619047619002
TJK,2020,3063,2620,17025,2688,19713,0.136356718916451,0.1155954438566324,23.8095238095238,0.238095238095238
TJK,2021,4981,4524,29535,6022,35557,0.1693618696740444,0.1331378139373982,23.8095238095238,0.238095238095238
TJK,2022,8513,7374,52797,8538,61335,0.1392027390560039,0.1178352504664905,26.984126984127,0.26984126984127
TJK,2023,9299,8130,52858,8737,61595,0.1418459290526828,0.1212280693222832,26.984126984127,0.26984126984127
TJK,2024,9714,8823,58700,10613,69313,0.1531170198952577,0.1349910236116881,26.984126984127,0.26984126984127
TKM,2016,56,44,285,32,317,0.1009463722397476,0.126302261335156,25.8064516129032,0.258064516129032
TKM,2017,810,696,4222,683,4905,0.1392456676860346,0.13948221662688,25.8064516129032,0.258064516129032
TKM,2018,988,876,6288,900,7188,0.1252086811352253,0.1387656958228229,24.8,0.248
TKM,2019,1284,1056,7642,1220,8862,0.1376664409839765,0.1441920914444867,25.0,0.25
TKM,2020,1062,924,4895,585,5480,0.1067518248175182,0.0979385471799207,25.0,0.25
TKM,2021,932,768,4372,471,4843,0.0972537683254181,0.1132959346469771,25.0,0.25
TKM,2022,1036,850,5057,625,5682,0.1099964801126364,0.1079095812766241,25.8620689655172,0.258620689655172
TKM,2023,352,264,1180,171,1351,0.1265729089563286,0.1242965544055292,25.6,0.256
TKM,2024,280,225,913,117,1030,0.1135922330097087,0.1311647389418287,25.6,0.256
TLS,2010,253,216,1149,134,1283,0.1044427123928293,0.1251788263328296,29.2307692307692,0.292307692307692
TLS,2011,191,180,957,164,1121,0.1462979482604817,0.1528223124914301,32.3076923076923,0.323076923076923
TLS,2012,99,92,535,56,591,0.0947546531302876,0.1049642883402474,38.4615384615385,0.384615384615385
TLS,2013,210,204,1189,128,1317,0.0971905846621108,0.0958267903120844,38.4615384615385,0.384615384615385
TLS,2014,149,142,757,85,842,0.1009501187648456,0.0917057109787018,38.4615384615385,0.384615384615385
TLS,2015,191,175,887,117,1004,0.1165338645418326,0.1071497074354217,38.4615384615385,0.384615384615385
TLS,2016,163,158,1016,159,1175,0.1353191489361702,0.1334298390655427,38.4615384615385,0.384615384615385
TLS,2017,140,130,842,170,1012,0.1679841897233201,0.1518220561489792,32.3076923076923,0.323076923076923
TLS,2018,79,78,459,59,518,0.1138996138996139,0.1099365608415382,33.8461538461538,0.338461538461538
TLS,2019,121,118,778,95,873,0.1088201603665521,0.0986799653073856,38.4615384615385,0.384615384615385
TLS,2020,106,94,595,66,661,0.0998487140695915,0.0918857442793613,38.4615384615385,0.384615384615385
TLS,2021,135,130,751,80,831,0.0962695547533092,0.1146017871017871,38.4615384615385,0.384615384615385
TLS,2022,97,91,469,66,535,0.1233644859813084,0.1363898509018095,40.0,0.4
TLS,2023,397,375,2070,355,2425,0.1463917525773196,0.1439926755162049,36.9230769230769,0.369230769230769
TLS,2024,985,931,5017,961,5978,0.1607561057209769,0.1700048256928488,35.3846153846154,0.35384615384615403
TTO,2015,14,14,34,7,41,0.1707317073170731,0.1297619047619047,30.952380952381,0.30952380952381
TTO,2016,341,332,1230,325,1555,0.2090032154340836,0.1991448979400786,30.952380952381,0.30952380952381
TTO,2017,150,144,765,170,935,0.1818181818181818,0.1561568078571755,30.952380952381,0.30952380952381
TTO,2018,66,66,374,62,436,0.1422018348623853,0.1123348242666424,30.952380952381,0.30952380952381
TTO,2019,98,91,350,78,428,0.1822429906542056,0.1470299236782753,30.952380952381,0.30952380952381
TTO,2020,273,223,602,85,687,0.12372634643377,0.088902235034522,26.1904761904762,0.26190476190476203
TTO,2021,276,222,579,93,672,0.1383928571428571,0.097598642528983,26.1904761904762,0.26190476190476203
TTO,2022,267,239,837,128,965,0.1326424870466321,0.1209096197925666,26.1904761904762,0.26190476190476203
TTO,2023,216,195,649,140,789,0.1774397972116603,0.1386691111804233,28.5714285714286,0.28571428571428603
TTO,2024,320,292,1336,291,1627,0.1788567916410571,0.1710916850295375,28.5714285714286,0.28571428571428603
TUR,2014,1684,1671,11257,1630,12887,0.1264840536975246,0.1175558731921684,14.4160583941606,0.144160583941606
TUR,2015,8964,8903,60834,10766,71600,0.1503631284916201,0.1343738150832054,14.9090909090909,0.149090909090909
TUR,2016,11012,10966,75564,12059,87623,0.1376236832795042,0.1262527941515781,14.9090909090909,0.149090909090909
TUR,2017,14956,14866,96328,16425,112753,0.1456723989605598,0.1269827801534157,14.5719489981785,0.145719489981785
TUR,2018,18980,18752,122277,19058,141335,0.1348427494958786,0.1139955964853604,17.4496644295302,0.17449664429530198
TUR,2019,18460,18260,124849,19033,143882,0.1322820088683782,0.1202787852983998,17.4496644295302,0.17449664429530198
TUR,2020,5091,5075,31047,3282,34329,0.0956042995717906,0.0776371138968648,17.3174872665535,0.173174872665535
TUR,2021,7065,7049,44314,6558,50872,0.128911778581538,0.1252094553908017,17.3333333333333,0.173333333333333
TUR,2022,10737,10710,68210,11721,79931,0.1466389761169008,0.1315094178885285,17.3539518900344,0.173539518900344
TUR,2023,8885,8803,56279,9392,65671,0.1430159431103531,0.1333277110065978,19.8333333333333,0.198333333333333
TUR,2024,6239,6201,39976,6756,46732,0.1445690319267311,0.1340374529734949,19.8664440734558,0.198664440734558
TWN,2007,18,18,64,10,74,0.1351351351351351,0.1115520282186948,,
TWN,2008,134,132,520,68,588,0.1156462585034013,0.0897459022459022,,
TWN,2009,48,48,203,33,236,0.1398305084745762,0.1009476817042606,,
TWN,2010,35,35,200,15,215,0.0697674418604651,0.0451029642626281,,
TWN,2011,267,267,1344,187,1531,0.1221423905943827,0.1013936052931426,,
TWN,2012,224,224,1074,135,1209,0.1116625310173697,0.0967275160355517,,
TWN,2013,243,242,1332,120,1452,0.0826446280991735,0.0777464271265924,,
TWN,2014,210,210,1160,131,1291,0.1014717273431448,0.0903170489968367,,
TWN,2015,228,227,1108,142,1250,0.1136,0.0944401658058045,,
TWN,2016,433,430,2102,552,2654,0.2079879427279578,0.2754924218648208,,
TWN,2017,954,945,5071,1471,6542,0.2248547844695811,0.2873131324868265,,
TWN,2018,1128,1113,6651,1746,8397,0.2079314040728831,0.2673292209850184,,
TWN,2019,1222,1197,7338,1911,9249,0.2066169315601686,0.2779705988653733,,
TWN,2020,460,429,1970,561,2531,0.2216515211378901,0.357605302752957,,
TWN,2021,330,301,1293,391,1684,0.2321852731591449,0.4181419501776567,,
TWN,2022,880,848,4977,1160,6137,0.1890174352289392,0.276768586017445,,
TWN,2023,1149,1124,7120,2041,9161,0.2227922715860714,0.3064833679603465,,
TWN,2024,904,885,5504,1187,6691,0.1774024809445523,0.2026210327751318,,
TZA,2013,1,1,2,0,2,0.0,0.0,36.0,0.36
TZA,2015,1,1,6,1,7,0.1428571428571428,0.1428571428571428,36.0,0.36
TZA,2016,73,67,342,41,383,0.1070496083550913,0.1353484409454558,36.5591397849462,0.365591397849462
TZA,2017,91,91,463,74,537,0.1378026070763501,0.1558364254792826,37.1794871794872,0.371794871794872
TZA,2018,156,152,782,144,926,0.1555075593952483,0.1436712374976184,37.1794871794872,0.371794871794872
TZA,2019,230,228,1426,272,1698,0.160188457008245,0.1713518579042247,36.8956743002545,0.368956743002545
TZA,2020,127,127,665,118,783,0.1507024265644955,0.1649544674614151,36.71875,0.3671875
TZA,2021,555,555,3325,732,4057,0.1804288883411387,0.2253927086190513,36.8556701030928,0.36855670103092797
TZA,2022,368,368,2008,584,2592,0.2253086419753086,0.2440029475822482,36.8556701030928,0.36855670103092797
TZA,2023,320,317,1906,580,2486,0.2333065164923572,0.2599134829960781,37.4045801526718,0.37404580152671796
TZA,2024,481,480,4127,805,4932,0.1632197891321979,0.1778574074014318,37.4045801526718,0.37404580152671796
UGA,2021,101,99,786,157,943,0.1664899257688229,0.1636487769682722,33.8129496402878,0.338129496402878
UGA,2022,389,378,2780,685,3465,0.1976911976911977,0.2087511227358394,33.8129496402878,0.338129496402878
UGA,2023,208,202,1533,390,1923,0.2028081123244929,0.2163499706880077,33.8129496402878,0.338129496402878
UGA,2024,338,330,2196,493,2689,0.1833395314243213,0.200756366458801,33.9317773788151,0.339317773788151
UKR,2012,25,16,33,1,34,0.0294117647058823,0.015625,9.43820224719101,0.09438202247191009
UKR,2013,413,286,1174,105,1279,0.0820953870211102,0.0661767816488096,9.43820224719101,0.09438202247191009
UKR,2014,385,295,1448,110,1558,0.0706033376123234,0.0736702421871913,11.6666666666667,0.116666666666667
UKR,2015,213,179,770,127,897,0.1415830546265329,0.148619089130098,12.085308056872,0.12085308056872
UKR,2016,232,193,818,135,953,0.1416579223504722,0.165417574880351,12.0192307692308,0.120192307692308
UKR,2017,195,124,594,114,708,0.1610169491525423,0.1444764201642759,12.2931442080378,0.122931442080378
UKR,2018,194,107,613,95,708,0.134180790960452,0.1019691693654271,12.2931442080378,0.122931442080378
UKR,2019,1158,1087,6562,1115,7677,0.1452390256610655,0.1300779722063025,20.5188679245283,0.205188679245283
UKR,2020,1683,1569,8682,1509,10191,0.1480718280836031,0.1366015196327815,20.8037825059102,0.20803782505910198
UKR,2021,2577,2471,12444,2854,15298,0.1865603346842724,0.1709408116674996,20.8037825059102,0.20803782505910198
UKR,2022,6990,6796,28276,4449,32725,0.1359511077158136,0.1287497815725785,20.3309692671395,0.203309692671395
UKR,2023,9143,8901,45437,8877,54314,0.1634385241374231,0.147675775434606,20.4326923076923,0.204326923076923
UKR,2024,9237,8993,43605,10524,54129,0.1944244305270742,0.1872514711037165,21.0918114143921,0.210918114143921
URY,2000,3,3,8,1,9,0.1111111111111111,0.1111111111111111,12.1212121212121,0.121212121212121
URY,2010,105,100,507,60,567,0.1058201058201058,0.1068900984636278,15.1515151515152,0.151515151515152
URY,2011,1233,1083,3860,717,4577,0.1566528293642123,0.1394099501847587,12.1212121212121,0.121212121212121
URY,2012,2674,2136,7161,1379,8540,0.1614754098360655,0.1477488924740485,12.1212121212121,0.121212121212121
URY,2013,3415,2708,9554,1982,11536,0.1718099861303745,0.1550212242858387,12.1212121212121,0.121212121212121
URY,2014,2283,1849,7787,1856,9643,0.1924712226485533,0.1803243607715148,13.1313131313131,0.131313131313131
URY,2015,3866,3132,13005,3241,16246,0.1994952603717838,0.1975339170722951,16.1616161616162,0.16161616161616202
URY,2016,4459,3487,15412,4141,19553,0.2117833580524727,0.2135638895769042,16.1616161616162,0.16161616161616202
URY,2017,3820,3089,12929,3533,16462,0.2146154780707083,0.2117100975985466,20.2020202020202,0.20202020202020202
URY,2018,2977,2437,10562,2677,13239,0.2022056046529194,0.193938705087033,20.2020202020202,0.20202020202020202
URY,2019,2895,2283,10698,2830,13528,0.2091957421643997,0.2002844127044794,19.1919191919192,0.19191919191919202
URY,2020,1542,1039,4991,1014,6005,0.1688592839300582,0.1545411904401986,21.2121212121212,0.21212121212121202
URY,2021,1847,1170,5272,1241,6513,0.1905419929372025,0.1934823382299101,24.2424242424242,0.242424242424242
URY,2022,1567,1300,6849,1793,8642,0.2074751214996528,0.204347250918303,25.2525252525253,0.252525252525253
URY,2023,1480,1387,7725,2044,9769,0.2092332889753301,0.2034335361025737,26.2626262626263,0.262626262626263
URY,2024,1354,1260,7102,2180,9282,0.2348631760396466,0.2345821276574262,28.2828282828283,0.28282828282828304
USA,2001,112,108,536,37,573,0.0645724258289703,0.056585903808126,14.0229885057471,0.140229885057471
USA,2002,511,490,2227,237,2464,0.0961850649350649,0.0773095438992324,13.7931034482759,0.137931034482759
USA,2003,486,471,2219,239,2458,0.097233523189585,0.0804924345529441,14.2528735632184,0.142528735632184
USA,2004,572,548,2503,306,2809,0.1089355642577429,0.0959068181830096,14.9425287356322,0.149425287356322
USA,2005,922,898,4156,517,4673,0.1106355660175476,0.0991367732737443,15.1724137931034,0.151724137931034
USA,2006,891,878,4098,492,4590,0.1071895424836601,0.0959800996227189,16.3218390804598,0.163218390804598
USA,2007,843,825,3663,499,4162,0.1198942815953868,0.1019031819833958,16.7816091954023,0.167816091954023
USA,2008,950,934,4033,585,4618,0.1266782156777826,0.1033386882777549,17.0114942528736,0.170114942528736
USA,2009,192,192,469,224,693,0.3232323232323232,0.4263260610916861,16.7816091954023,0.167816091954023
USA,2010,345,283,1884,511,2395,0.2133611691022964,0.2383522799862777,16.7816091954023,0.167816091954023
USA,2011,852,712,4469,1235,5704,0.2165147265077139,0.2182249943205689,16.8202764976959,0.168202764976959
USA,2012,501,414,2594,746,3340,0.2233532934131736,0.2279923338614063,17.9723502304147,0.17972350230414702
USA,2013,609,454,2949,812,3761,0.2159000265886732,0.2179178801377206,17.8240740740741,0.178240740740741
USA,2014,918,584,3416,947,4363,0.2170524868209947,0.2110285603628661,19.3103448275862,0.19310344827586198
USA,2015,1486,1004,5407,1783,7190,0.2479833101529902,0.2556375636489649,19.3548387096774,0.193548387096774
USA,2016,869,451,2218,690,2908,0.2372764786795048,0.2532516221349706,19.1685912240185,0.191685912240185
USA,2017,328,270,1467,457,1924,0.2375259875259875,0.2587171660309775,19.3548387096774,0.193548387096774
USA,2018,904,778,3424,1030,4454,0.2312528064660979,0.2274473484582049,23.5023041474654,0.235023041474654
USA,2019,55,47,174,25,199,0.1256281407035175,0.1579443015613228,23.4338747099768,0.23433874709976799
USA,2020,153,112,492,126,618,0.203883495145631,0.1602276494421839,27.4647887323944,0.274647887323944
USA,2021,22,9,32,14,46,0.3043478260869565,0.4466218966218966,27.6497695852535,0.27649769585253503
USA,2022,10,8,31,13,44,0.2954545454545454,0.3464285714285714,28.7037037037037,0.287037037037037
USA,2023,8,8,54,7,61,0.1147540983606557,0.1517857142857142,28.9655172413793,0.289655172413793
USA,2024,3,1,13,0,13,0.0,0.0,28.735632183908,0.28735632183908
UZB,2016,41,9,83,20,103,0.1941747572815534,0.1350308641975308,16.0,0.16
UZB,2017,661,225,931,92,1023,0.0899315738025415,0.0597312571972358,16.0,0.16
UZB,2018,1607,746,4663,792,5455,0.1451879010082493,0.1336815975673365,16.0,0.16
UZB,2019,2447,1356,8022,1551,9573,0.1620181761203384,0.1354298379271681,16.0,0.16
UZB,2020,2355,1555,6760,481,7241,0.0664272890484739,0.0484858342347416,32.0,0.32
UZB,2021,4675,3746,19779,2238,22017,0.1016487259844665,0.080994113143823,32.6530612244898,0.326530612244898
UZB,2022,5472,4213,24258,3500,27758,0.1260897759204553,0.0983658601390735,33.3333333333333,0.333333333333333
UZB,2023,5252,4180,23153,2953,26106,0.1131157588293878,0.0916276563341141,33.5714285714286,0.33571428571428596
UZB,2024,4337,3541,20412,2089,22501,0.0928403182080796,0.076398900152231,38.0,0.38
VCT,2010,1,0,0,0,0,,,14.2857142857143,0.14285714285714302
VCT,2014,11,10,32,6,38,0.1578947368421052,0.1590909090909091,13.0434782608696,0.130434782608696
VCT,2015,10,6,18,7,25,0.28,0.2277777777777777,13.0434782608696,0.130434782608696
VCT,2016,26,16,63,7,70,0.1,0.2100694444444444,13.0434782608696,0.130434782608696
VCT,2017,15,8,29,10,39,0.2564102564102564,0.4470779220779221,13.0434782608696,0.130434782608696
VCT,2018,28,19,100,21,121,0.1735537190082644,0.2187487950645845,13.0434782608696,0.130434782608696
VCT,2019,42,42,172,32,204,0.1568627450980392,0.205969721221822,13.0434782608696,0.130434782608696
VCT,2020,28,27,114,44,158,0.2784810126582278,0.2787841062350866,18.1818181818182,0.18181818181818202
VCT,2021,17,10,20,7,27,0.2592592592592592,0.2333333333333333,18.1818181818182,0.18181818181818202
VCT,2022,44,42,211,69,280,0.2464285714285714,0.3362010552800026,18.1818181818182,0.18181818181818202
VCT,2023,47,39,154,66,220,0.3,0.3701479076479076,18.1818181818182,0.18181818181818202
VCT,2024,29,22,80,31,111,0.2792792792792792,0.2609848484848485,21.7391304347826,0.217391304347826
VEN,2018,1,1,6,4,10,0.4,0.4,22.1556886227545,0.221556886227545
VEN,2019,22,21,183,30,213,0.1408450704225352,0.1844084603538385,22.1556886227545,0.221556886227545
VEN,2020,18,17,68,15,83,0.180722891566265,0.2070028011204481,22.1556886227545,0.221556886227545
VEN,2021,25,23,92,16,108,0.1481481481481481,0.1497770345596432,22.1556886227545,0.221556886227545
VEN,2022,3,2,9,4,13,0.3076923076923077,0.3611111111111111,22.1556886227545,0.221556886227545
VEN,2023,173,173,916,161,1077,0.149489322191272,0.1407560722929645,22.1556886227545,0.221556886227545
VEN,2024,1411,1375,7286,2063,9349,0.2206653117980532,0.196507193041502,22.1556886227545,0.221556886227545
VNM,2022,13,13,63,5,68,0.0735294117647058,0.0916083916083916,30.2605210420842,0.302605210420842
VNM,2024,1,1,2,0,2,0.0,0.0,30.6288032454361,0.306288032454361
WSM,2014,19,18,132,24,156,0.1538461538461538,0.1749444999444999,6.12244897959184,0.0612244897959184
WSM,2015,158,136,594,144,738,0.1951219512195122,0.1882355051740182,6.12244897959184,0.0612244897959184
WSM,2016,66,58,311,89,400,0.2225,0.204530192030192,10.0,0.1
WSM,2017,15,13,81,18,99,0.1818181818181818,0.1702417240878779,10.0,0.1
WSM,2018,64,61,241,90,331,0.2719033232628399,0.2916669851096081,10.0,0.1
WSM,2020,253,29,44,15,59,0.2542372881355932,0.2167487684729064,10.0,0.1
WSM,2022,287,169,818,297,1115,0.2663677130044843,0.2604769361364139,12.962962962963,0.12962962962962998
WSM,2023,254,232,989,334,1323,0.2524565381708238,0.2881974091363074,12.962962962963,0.12962962962962998
WSM,2024,199,181,878,282,1160,0.243103448275862,0.2639714053412628,12.962962962963,0.12962962962962998
XKX,2022,194,186,1036,462,1498,0.308411214953271,0.3528352109459984,,
XKX,2023,203,187,1111,416,1527,0.2724296005239031,0.3090993263252,,
XKX,2024,239,215,988,474,1462,0.3242134062927496,0.3625516670548475,,
YEM,2018,4,1,1,0,1,0.0,0.0,0.0,0.0
YEM,2019,8,6,9,1,10,0.1,0.0555555555555555,0.332225913621262,0.0033222591362126203
YEM,2021,39,18,61,11,72,0.1527777777777778,0.0793650793650793,0.0,0.0
YEM,2022,8,3,7,0,7,0.0,0.0,0.0,0.0
YEM,2023,6,3,6,1,7,0.1428571428571428,0.1111111111111111,0.0,0.0
YEM,2024,41,10,39,10,49,0.2040816326530612,0.3028571428571428,0.0,0.0
ZAF,2013,1,0,0,0,0,,,42.25,0.4225
ZAF,2014,3,1,1,0,1,0.0,0.0,41.5,0.415
ZAF,2015,30,11,50,6,56,0.1071428571428571,0.1300133689839572,42.0,0.42
ZAF,2016,10,2,2,1,3,0.3333333333333333,0.25,42.0,0.42
ZAF,2017,4,0,0,0,0,,,41.8367346938776,0.41836734693877603
ZAF,2018,7,4,18,3,21,0.1428571428571428,0.0576923076923076,42.7480916030534,0.427480916030534
ZAF,2019,4,3,3,0,3,0.0,0.0,46.3476070528967,0.463476070528967
ZAF,2020,13,5,19,1,20,0.05,0.04,46.75,0.4675
ZAF,2021,4,0,0,0,0,,,46.5822784810127,0.465822784810127
ZAF,2022,6,2,2,0,2,0.0,0.0,46.5,0.465
ZAF,2023,1,0,0,0,0,,,45.8646616541353,0.45864661654135297
ZAF,2024,25,0,0,0,0,,,44.702842377261,0.44702842377261
